Coding_and_Algorithms,UI_and_Visual_Design,Data_and_Analytics,Math_and_Predictive_Modeling,Infrastructure_and_Automation,Security_and_Networking,Business_and_Product_Strategy,System_Architecture_and_APIs,Career Label
5,2,4,5,3,1,2,4,AI Engineer
5,1,4,5,3,3,3,4,AI Engineer
4,1,3,5,3,1,2,5,AI Engineer
5,3,4,4,3,2,1,3,AI Engineer
5,2,4,5,3,2,2,4,AI Engineer
4,2,5,5,2,2,2,4,AI Engineer
5,2,3,5,3,3,1,5,AI Engineer
5,2,4,5,3,2,3,4,AI Engineer
5,2,4,5,4,1,2,4,AI Engineer
5,2,4,5,3,1,2,4,AI Engineer
5,3,5,5,3,1,2,4,AI Engineer
5,1,3,4,3,3,2,4,AI Engineer
4,2,3,5,4,3,2,3,AI Engineer
5,2,4,4,2,2,3,4,AI Engineer
5,3,4,5,4,2,3,4,AI Engineer
5,3,4,5,2,2,4,3,AI Engineer
5,1,4,5,3,2,2,4,AI Engineer
4,2,3,5,2,2,2,5,AI Engineer
5,1,4,4,3,2,2,3,AI Engineer
5,2,4,5,3,2,2,4,AI Engineer
5,1,4,5,3,2,3,5,AI Engineer
5,2,4,5,3,2,3,4,AI Engineer
4,1,4,5,4,2,2,5,AI Engineer
5,2,4,5,4,2,1,5,AI Engineer
5,2,4,5,3,1,2,4,AI Engineer
5,2,4,4,3,2,2,4,AI Engineer
5,2,4,5,2,2,2,4,AI Engineer
4,2,4,5,3,2,1,5,AI Engineer
5,2,3,4,4,3,2,3,AI Engineer
5,2,5,4,3,2,1,4,AI Engineer
5,2,3,5,4,1,2,4,AI Engineer
5,3,3,5,2,2,2,5,AI Engineer
5,2,4,5,4,2,2,5,AI Engineer
5,2,4,5,3,2,3,4,AI Engineer
5,1,4,5,3,2,2,5,AI Engineer
5,1,3,5,3,3,1,3,AI Engineer
5,3,3,5,3,1,1,3,AI Engineer
5,1,5,5,3,2,2,5,AI Engineer
4,2,4,5,3,1,3,4,AI Engineer
5,2,4,4,3,2,2,3,AI Engineer
5,2,3,5,4,2,2,4,AI Engineer
4,2,3,4,3,2,2,5,AI Engineer
5,3,4,5,3,2,1,4,AI Engineer
5,2,4,4,3,1,2,4,AI Engineer
5,1,4,4,1,2,2,4,AI Engineer
5,2,4,5,3,1,2,4,AI Engineer
5,1,4,4,3,2,1,4,AI Engineer
5,1,3,5,3,2,2,5,AI Engineer
5,2,4,5,2,1,3,4,AI Engineer
5,2,4,5,3,2,1,5,AI Engineer
5,2,4,5,4,1,2,4,AI Engineer
5,2,3,5,3,2,3,4,AI Engineer
5,2,3,5,3,1,3,4,AI Engineer
5,2,3,5,3,2,2,4,AI Engineer
5,2,5,5,3,2,1,4,AI Engineer
5,2,4,5,4,2,1,4,AI Engineer
5,2,3,5,3,2,2,5,AI Engineer
4,2,5,5,3,1,2,4,AI Engineer
5,2,4,5,3,2,2,5,AI Engineer
5,3,5,5,2,2,2,3,AI Engineer
5,2,4,5,3,3,1,4,AI Engineer
5,2,3,4,3,3,3,3,AI Engineer
4,1,3,5,2,2,2,4,AI Engineer
5,2,5,5,3,1,3,5,AI Engineer
5,2,3,5,2,2,2,3,AI Engineer
5,2,3,5,2,1,1,4,AI Engineer
5,1,4,5,4,2,2,4,AI Engineer
5,2,3,4,3,2,3,4,AI Engineer
5,1,4,5,3,3,3,3,AI Engineer
5,3,5,5,4,1,2,4,AI Engineer
5,1,4,4,4,3,2,4,AI Engineer
5,2,4,5,3,2,3,5,AI Engineer
5,1,4,5,3,2,2,4,AI Engineer
5,1,4,5,3,1,3,4,AI Engineer
5,2,3,5,4,2,1,4,AI Engineer
5,3,4,5,2,1,1,5,AI Engineer
5,3,4,4,2,3,2,5,AI Engineer
5,2,4,4,3,1,2,5,AI Engineer
5,2,4,5,4,1,2,5,AI Engineer
4,1,4,5,2,2,2,3,AI Engineer
5,2,4,4,1,1,2,4,AI Engineer
5,2,3,5,3,2,2,5,AI Engineer
5,2,4,4,2,1,2,4,AI Engineer
5,3,3,4,2,2,2,4,AI Engineer
5,2,5,4,3,3,1,4,AI Engineer
5,3,4,5,3,4,2,5,AI Engineer
5,2,5,5,4,2,2,3,AI Engineer
5,3,5,5,3,2,2,5,AI Engineer
5,2,5,4,3,3,2,4,AI Engineer
5,3,5,4,3,2,1,4,AI Engineer
5,2,4,5,3,2,2,5,AI Engineer
5,2,5,4,2,2,2,4,AI Engineer
5,2,3,4,3,2,3,4,AI Engineer
5,2,3,5,3,2,2,4,AI Engineer
5,1,5,5,3,1,2,4,AI Engineer
5,1,2,5,3,1,2,3,AI Engineer
5,2,5,5,3,2,2,4,AI Engineer
5,2,4,5,3,2,2,3,AI Engineer
5,2,5,4,3,2,2,5,AI Engineer
5,3,4,5,3,3,3,3,AI Engineer
5,2,4,5,4,4,2,4,AI Engineer
5,2,4,5,3,2,3,4,AI Engineer
5,2,4,4,3,3,1,3,AI Engineer
5,2,3,5,3,2,2,4,AI Engineer
5,2,5,5,3,1,2,4,AI Engineer
4,1,4,4,3,1,2,3,AI Engineer
4,3,4,5,3,3,2,5,AI Engineer
5,2,4,5,2,2,1,4,AI Engineer
5,2,3,4,2,1,2,4,AI Engineer
5,2,3,4,3,1,3,3,AI Engineer
5,2,3,5,4,2,3,3,AI Engineer
5,1,5,4,2,2,3,5,AI Engineer
5,3,5,5,3,2,1,4,AI Engineer
5,1,4,4,4,2,2,4,AI Engineer
4,1,4,5,3,1,2,4,AI Engineer
5,2,4,5,4,2,2,4,AI Engineer
4,3,5,5,3,2,1,4,AI Engineer
5,2,4,4,4,1,2,4,AI Engineer
5,2,5,4,3,2,2,4,AI Engineer
5,2,4,5,3,2,3,4,AI Engineer
5,1,4,5,2,2,3,3,AI Engineer
5,3,4,5,3,2,2,5,AI Engineer
5,2,5,5,3,2,2,4,AI Engineer
5,2,4,5,3,2,1,3,AI Engineer
5,2,5,5,2,1,1,4,AI Engineer
5,3,3,5,3,2,3,3,AI Engineer
5,3,3,4,3,2,2,4,AI Engineer
5,1,5,5,2,2,2,3,AI Engineer
4,2,5,5,3,2,2,5,AI Engineer
5,2,3,5,4,3,2,3,AI Engineer
5,3,4,4,2,3,1,3,AI Engineer
5,3,3,5,3,2,2,3,AI Engineer
4,2,4,5,3,2,3,4,AI Engineer
5,2,4,5,3,2,2,3,AI Engineer
5,2,4,5,3,2,3,4,AI Engineer
5,2,5,5,2,2,1,4,AI Engineer
5,2,3,4,3,2,3,4,AI Engineer
5,2,4,5,3,2,2,5,AI Engineer
5,2,3,5,2,2,2,5,AI Engineer
5,1,3,4,4,2,2,3,AI Engineer
5,2,3,5,3,2,2,5,AI Engineer
5,2,5,5,3,2,2,3,AI Engineer
5,2,4,5,2,3,1,4,AI Engineer
5,2,5,5,3,2,2,4,AI Engineer
5,1,5,4,3,3,1,4,AI Engineer
5,3,4,5,3,3,2,4,AI Engineer
5,1,4,5,3,2,2,4,AI Engineer
5,2,4,5,4,2,2,4,AI Engineer
5,2,5,5,3,2,2,4,AI Engineer
5,2,3,5,3,2,2,4,AI Engineer
4,2,3,5,3,2,4,4,AI Engineer
5,3,3,5,3,3,2,3,AI Engineer
5,3,4,5,3,2,1,4,AI Engineer
5,2,5,4,3,2,2,3,AI Engineer
5,2,4,5,3,2,2,5,AI Engineer
5,2,4,4,3,1,2,4,AI Engineer
3,3,4,5,3,2,1,5,AI Engineer
5,2,4,5,4,2,1,4,AI Engineer
5,3,4,5,2,2,2,4,AI Engineer
5,2,3,5,4,2,1,4,AI Engineer
5,2,5,5,3,1,2,4,AI Engineer
5,2,4,4,2,3,2,4,AI Engineer
5,2,4,5,2,1,1,3,AI Engineer
5,2,4,5,4,1,2,4,AI Engineer
5,1,3,5,3,3,1,4,AI Engineer
4,3,4,4,3,1,2,5,AI Engineer
5,3,4,5,2,2,2,5,AI Engineer
5,2,4,5,4,2,1,5,AI Engineer
4,2,4,5,2,3,3,4,AI Engineer
5,2,4,5,2,2,2,4,AI Engineer
5,3,4,5,4,2,2,4,AI Engineer
5,3,3,5,2,3,2,4,AI Engineer
5,1,4,5,3,2,2,4,AI Engineer
5,2,4,5,4,1,3,4,AI Engineer
4,2,4,4,2,3,2,5,AI Engineer
4,2,4,5,3,2,2,4,AI Engineer
5,3,5,5,3,1,1,5,AI Engineer
4,2,3,4,3,3,1,4,AI Engineer
5,1,5,5,2,2,2,4,AI Engineer
5,2,4,5,3,1,2,4,AI Engineer
4,2,4,5,4,2,2,4,AI Engineer
4,2,4,5,2,2,2,5,AI Engineer
5,3,3,5,3,3,2,4,AI Engineer
5,2,4,4,3,2,2,4,AI Engineer
5,2,4,5,2,2,2,4,AI Engineer
5,2,4,5,2,2,1,4,AI Engineer
5,2,4,5,3,1,1,4,AI Engineer
5,3,4,4,3,1,2,4,AI Engineer
5,3,4,5,3,1,2,2,AI Engineer
5,1,4,5,4,2,1,4,AI Engineer
5,3,4,5,4,1,2,4,AI Engineer
5,2,4,4,3,1,1,3,AI Engineer
4,2,5,5,3,1,3,4,AI Engineer
5,3,5,4,4,1,2,4,AI Engineer
5,2,5,4,2,2,2,2,AI Engineer
5,2,4,5,3,2,1,4,AI Engineer
5,2,5,5,3,2,2,4,AI Engineer
5,1,4,5,3,1,2,5,AI Engineer
5,2,3,5,4,2,2,4,AI Engineer
5,2,4,5,4,2,2,5,AI Engineer
5,2,4,5,2,2,2,4,AI Engineer
5,2,4,3,1,3,2,4,AI Engineer
4,2,4,5,3,1,2,3,AI Engineer
5,2,3,5,3,2,1,5,AI Engineer
5,2,4,5,3,1,2,4,AI Engineer
4,1,4,5,3,3,1,4,AI Engineer
5,1,4,4,3,3,2,4,AI Engineer
5,2,4,5,2,2,2,3,AI Engineer
5,2,5,4,3,2,1,4,AI Engineer
5,2,4,5,3,3,2,4,AI Engineer
4,2,3,5,3,2,2,4,AI Engineer
5,2,4,4,3,1,2,4,AI Engineer
5,2,4,4,3,2,3,4,AI Engineer
4,3,5,5,3,2,3,5,AI Engineer
5,2,4,5,2,2,1,4,AI Engineer
5,1,4,5,4,3,2,5,AI Engineer
4,2,3,4,3,1,2,4,AI Engineer
5,1,4,5,3,1,2,3,AI Engineer
5,3,4,5,3,3,2,4,AI Engineer
5,1,4,5,3,2,2,5,AI Engineer
5,2,5,5,3,3,2,4,AI Engineer
4,2,4,5,3,2,1,3,AI Engineer
4,2,5,5,4,2,2,4,AI Engineer
4,2,4,5,2,2,2,5,AI Engineer
5,1,4,5,3,3,2,4,AI Engineer
5,3,5,5,3,2,1,5,AI Engineer
5,2,4,5,3,2,1,4,AI Engineer
4,2,3,5,3,1,1,4,AI Engineer
5,2,4,5,3,3,3,4,AI Engineer
5,1,4,5,3,2,2,4,AI Engineer
5,2,5,5,3,1,2,5,AI Engineer
5,1,3,4,4,2,2,5,AI Engineer
5,3,4,5,3,1,3,4,AI Engineer
5,2,5,5,3,2,2,4,AI Engineer
5,2,4,5,4,2,2,4,AI Engineer
5,2,3,5,2,2,2,4,AI Engineer
3,2,5,4,3,1,2,5,AI Engineer
5,1,5,5,2,1,2,4,AI Engineer
5,2,4,5,2,3,2,3,AI Engineer
5,2,3,5,3,2,2,4,AI Engineer
5,2,3,4,3,1,3,4,AI Engineer
5,2,4,5,3,1,2,3,AI Engineer
4,2,3,5,3,2,3,4,AI Engineer
4,1,4,5,3,1,3,4,AI Engineer
5,3,4,4,2,1,3,4,AI Engineer
5,1,5,5,3,2,3,4,AI Engineer
5,2,3,4,3,2,2,4,AI Engineer
5,2,5,5,3,1,2,5,AI Engineer
5,3,5,5,3,2,2,4,AI Engineer
4,2,4,5,4,2,3,4,AI Engineer
5,2,3,5,4,2,3,4,AI Engineer
5,2,4,5,3,2,2,4,AI Engineer
5,1,4,5,3,2,3,3,AI Engineer
5,2,4,4,4,1,2,4,AI Engineer
5,3,3,4,4,2,3,4,AI Engineer
5,3,3,5,2,2,1,5,AI Engineer
5,4,4,5,3,3,1,3,AI Engineer
4,3,4,5,3,1,2,5,AI Engineer
4,1,4,5,4,1,3,3,AI Engineer
5,3,4,5,3,3,2,4,AI Engineer
4,2,5,5,3,2,3,4,AI Engineer
5,2,3,5,3,2,2,3,AI Engineer
5,1,4,5,2,2,2,4,AI Engineer
5,1,5,4,2,2,1,5,AI Engineer
5,1,4,5,4,2,2,4,AI Engineer
5,2,4,5,2,2,2,4,AI Engineer
5,2,5,4,4,1,3,4,AI Engineer
5,2,5,5,3,1,3,3,AI Engineer
5,2,5,5,4,2,1,4,AI Engineer
5,3,3,4,3,1,2,5,AI Engineer
4,2,5,5,2,1,3,4,AI Engineer
5,1,4,5,4,2,2,5,AI Engineer
5,2,4,5,3,2,1,3,AI Engineer
4,2,3,5,3,1,1,3,AI Engineer
5,2,3,4,4,2,2,4,AI Engineer
5,2,3,5,4,2,2,4,AI Engineer
5,2,5,5,3,2,2,4,AI Engineer
5,2,4,5,4,3,2,5,AI Engineer
5,3,4,5,3,2,2,5,AI Engineer
5,1,3,4,3,2,2,5,AI Engineer
5,3,3,5,3,2,1,4,AI Engineer
5,3,5,5,3,2,3,3,AI Engineer
5,1,4,5,2,2,3,4,AI Engineer
5,2,3,4,2,3,2,3,AI Engineer
5,2,4,4,3,1,2,3,AI Engineer
4,2,4,4,4,2,3,4,AI Engineer
5,2,3,5,3,3,1,3,AI Engineer
5,3,3,5,4,2,3,4,AI Engineer
5,2,4,5,3,1,1,4,AI Engineer
5,2,4,5,2,2,2,4,AI Engineer
5,2,4,5,2,2,2,4,AI Engineer
5,2,5,4,4,1,3,4,AI Engineer
5,3,4,5,3,2,2,4,AI Engineer
5,2,5,5,3,3,3,5,AI Engineer
4,1,5,5,3,2,2,3,AI Engineer
5,2,4,4,3,2,3,4,AI Engineer
5,1,5,5,4,2,2,4,AI Engineer
5,3,4,5,4,1,2,3,AI Engineer
5,2,5,5,3,1,2,5,AI Engineer
5,3,4,5,3,2,2,5,AI Engineer
5,2,5,4,3,2,2,4,AI Engineer
5,3,4,5,3,2,2,4,AI Engineer
5,1,4,5,2,2,2,5,AI Engineer
5,2,4,5,4,2,1,3,AI Engineer
5,1,4,5,3,2,2,3,AI Engineer
5,1,4,5,4,2,2,4,AI Engineer
5,1,3,5,2,1,3,4,AI Engineer
5,2,4,4,2,3,3,3,AI Engineer
5,2,3,5,3,2,2,4,AI Engineer
4,2,2,5,3,2,1,4,AI Engineer
5,3,4,5,3,2,2,4,AI Engineer
4,1,3,5,3,1,2,5,AI Engineer
4,2,4,5,4,2,2,4,AI Engineer
5,1,4,4,3,1,1,3,AI Engineer
5,2,4,4,3,2,2,4,AI Engineer
5,2,5,5,3,1,3,5,AI Engineer
4,2,4,5,3,3,1,4,AI Engineer
5,3,4,5,3,2,2,4,AI Engineer
5,3,5,5,3,2,2,4,AI Engineer
5,1,3,5,3,3,2,4,AI Engineer
5,2,3,5,2,3,2,5,AI Engineer
5,3,4,5,3,2,2,4,AI Engineer
4,1,4,5,2,2,2,3,AI Engineer
5,2,4,5,3,2,2,5,AI Engineer
5,2,5,5,2,2,2,5,AI Engineer
5,3,5,5,3,2,2,4,AI Engineer
5,2,3,5,3,3,2,4,AI Engineer
5,3,5,5,4,1,3,5,AI Engineer
5,3,5,4,4,2,2,3,AI Engineer
5,2,4,5,2,2,3,4,AI Engineer
5,2,4,5,4,2,3,5,AI Engineer
5,2,4,4,3,1,2,4,AI Engineer
5,2,4,5,3,3,3,5,AI Engineer
5,3,4,5,3,2,3,4,AI Engineer
5,2,4,4,3,2,2,5,AI Engineer
5,2,4,5,2,1,1,3,AI Engineer
4,2,2,5,4,1,1,4,AI Engineer
5,2,4,5,3,1,2,4,AI Engineer
5,3,4,5,2,3,2,5,AI Engineer
5,2,4,5,3,2,2,4,AI Engineer
5,2,5,5,2,4,2,4,AI Engineer
5,2,4,5,2,3,2,5,AI Engineer
4,3,4,5,2,2,2,5,AI Engineer
5,1,3,5,3,1,2,4,AI Engineer
5,3,5,5,2,2,1,2,AI Engineer
5,1,4,4,2,1,2,4,AI Engineer
5,2,4,5,3,2,2,4,AI Engineer
5,3,4,5,4,2,1,4,AI Engineer
5,2,4,5,3,3,2,4,AI Engineer
5,2,4,5,3,1,1,3,AI Engineer
5,2,4,5,3,3,1,4,AI Engineer
5,1,4,5,2,1,3,4,AI Engineer
5,1,4,5,3,3,2,5,AI Engineer
5,2,5,5,2,3,3,4,AI Engineer
5,2,3,5,4,1,2,4,AI Engineer
5,1,3,5,2,2,3,5,AI Engineer
5,2,5,4,3,2,3,4,AI Engineer
5,1,5,5,3,1,2,4,AI Engineer
5,3,5,4,3,3,2,4,AI Engineer
5,2,4,5,3,2,3,5,AI Engineer
5,2,4,5,3,2,2,5,AI Engineer
5,2,5,5,2,2,3,5,AI Engineer
5,2,4,5,3,2,2,3,AI Engineer
5,1,4,5,3,1,1,3,AI Engineer
5,2,5,4,2,3,2,5,AI Engineer
5,1,4,4,3,1,2,5,AI Engineer
5,2,4,5,3,2,2,4,AI Engineer
4,3,4,5,4,2,3,4,AI Engineer
5,2,3,5,3,2,2,4,AI Engineer
5,2,4,5,3,2,2,3,AI Engineer
5,1,3,5,3,3,2,5,AI Engineer
5,1,4,5,3,1,2,4,AI Engineer
5,2,3,5,2,1,3,4,AI Engineer
5,2,5,5,3,1,2,4,AI Engineer
5,2,4,5,3,2,2,4,AI Engineer
4,2,3,5,3,3,3,5,AI Engineer
5,3,4,4,4,2,2,4,AI Engineer
5,1,4,4,4,3,2,4,AI Engineer
3,2,5,5,3,2,3,4,AI Engineer
5,3,4,5,3,2,2,3,AI Engineer
5,1,4,5,3,2,2,3,AI Engineer
5,2,5,5,3,3,3,4,AI Engineer
5,1,5,5,2,3,2,4,AI Engineer
5,2,5,5,2,2,2,5,AI Engineer
5,2,4,5,2,3,2,4,AI Engineer
4,2,3,2,5,2,2,4,Cloud Engineer
4,3,3,3,5,4,1,3,Cloud Engineer
4,2,4,3,4,3,3,3,Cloud Engineer
4,3,3,3,5,3,2,3,Cloud Engineer
4,3,4,3,5,3,2,4,Cloud Engineer
4,3,3,3,5,3,2,4,Cloud Engineer
3,3,4,3,5,3,2,4,Cloud Engineer
3,2,3,3,5,4,2,4,Cloud Engineer
4,2,3,2,5,3,3,4,Cloud Engineer
3,2,3,3,5,3,2,4,Cloud Engineer
3,2,3,1,4,3,2,5,Cloud Engineer
5,2,2,4,4,2,2,4,Cloud Engineer
4,1,3,3,4,3,2,4,Cloud Engineer
4,1,3,2,5,3,3,4,Cloud Engineer
5,2,3,2,5,3,2,4,Cloud Engineer
4,1,3,3,5,4,2,4,Cloud Engineer
3,3,3,3,4,3,2,5,Cloud Engineer
5,3,4,3,4,2,2,4,Cloud Engineer
3,3,3,2,5,4,3,4,Cloud Engineer
5,2,3,3,5,3,2,2,Cloud Engineer
3,2,3,3,5,3,3,3,Cloud Engineer
4,2,3,3,5,4,2,5,Cloud Engineer
4,1,3,2,5,3,2,4,Cloud Engineer
5,2,3,4,5,3,3,4,Cloud Engineer
4,2,3,3,4,4,2,4,Cloud Engineer
3,3,3,3,5,3,2,5,Cloud Engineer
4,2,3,2,5,3,2,3,Cloud Engineer
2,2,3,3,5,3,2,4,Cloud Engineer
5,3,3,3,5,2,2,5,Cloud Engineer
4,3,3,3,4,2,2,4,Cloud Engineer
3,2,2,4,4,3,2,5,Cloud Engineer
5,1,2,3,5,5,1,3,Cloud Engineer
4,3,4,3,5,4,3,3,Cloud Engineer
5,1,3,2,5,3,2,3,Cloud Engineer
4,2,3,3,5,2,2,5,Cloud Engineer
4,2,3,3,5,4,2,4,Cloud Engineer
4,3,2,3,5,4,1,3,Cloud Engineer
4,2,3,3,5,3,3,4,Cloud Engineer
3,1,3,3,5,3,1,4,Cloud Engineer
5,1,3,4,5,2,2,5,Cloud Engineer
3,2,3,3,5,4,1,4,Cloud Engineer
5,1,3,2,5,3,2,4,Cloud Engineer
4,2,2,3,4,4,2,4,Cloud Engineer
4,2,2,3,5,3,1,4,Cloud Engineer
3,2,3,2,5,3,3,4,Cloud Engineer
4,1,4,2,5,3,2,5,Cloud Engineer
4,2,3,3,4,3,2,4,Cloud Engineer
5,3,2,2,5,2,1,3,Cloud Engineer
4,1,4,2,5,2,3,4,Cloud Engineer
3,1,4,4,5,3,1,4,Cloud Engineer
4,1,4,3,5,3,2,5,Cloud Engineer
4,2,3,3,5,3,3,4,Cloud Engineer
5,3,3,4,5,3,1,4,Cloud Engineer
4,2,3,3,5,4,2,5,Cloud Engineer
4,3,4,3,5,4,2,3,Cloud Engineer
4,1,1,4,5,1,2,4,Cloud Engineer
3,3,3,3,4,3,2,4,Cloud Engineer
3,1,4,2,5,4,2,5,Cloud Engineer
4,2,3,4,5,3,3,4,Cloud Engineer
3,1,4,3,5,3,2,3,Cloud Engineer
4,3,3,3,5,2,3,4,Cloud Engineer
4,2,4,3,5,3,2,4,Cloud Engineer
5,2,3,4,5,3,1,3,Cloud Engineer
3,2,2,3,5,4,2,4,Cloud Engineer
3,2,4,3,5,4,3,4,Cloud Engineer
5,2,4,3,5,3,3,4,Cloud Engineer
4,2,3,3,4,3,3,5,Cloud Engineer
5,1,3,3,5,3,1,4,Cloud Engineer
4,2,2,2,5,2,2,3,Cloud Engineer
4,2,2,3,5,3,2,4,Cloud Engineer
4,2,2,4,5,3,1,4,Cloud Engineer
2,3,3,3,5,3,3,5,Cloud Engineer
5,1,3,3,5,2,2,4,Cloud Engineer
5,1,3,3,5,4,2,3,Cloud Engineer
4,2,3,2,5,2,4,5,Cloud Engineer
3,3,3,3,4,3,2,5,Cloud Engineer
4,2,3,3,5,3,1,3,Cloud Engineer
4,3,2,3,5,3,1,3,Cloud Engineer
4,1,3,3,4,3,2,3,Cloud Engineer
4,1,3,4,5,3,2,4,Cloud Engineer
4,3,4,2,5,3,2,4,Cloud Engineer
5,2,3,2,5,3,3,3,Cloud Engineer
4,2,3,4,5,4,2,4,Cloud Engineer
4,2,3,3,4,2,2,4,Cloud Engineer
5,2,3,4,5,4,1,4,Cloud Engineer
2,2,4,3,4,3,2,4,Cloud Engineer
5,1,3,3,4,3,2,3,Cloud Engineer
5,3,3,3,4,3,1,3,Cloud Engineer
4,2,3,4,5,3,2,5,Cloud Engineer
4,3,3,4,4,3,3,4,Cloud Engineer
4,2,1,3,5,3,3,4,Cloud Engineer
5,3,4,3,5,3,2,4,Cloud Engineer
4,3,3,3,4,3,1,4,Cloud Engineer
4,2,3,2,5,3,2,5,Cloud Engineer
5,3,3,4,5,3,2,5,Cloud Engineer
3,2,3,4,5,4,2,5,Cloud Engineer
4,2,4,3,5,3,2,4,Cloud Engineer
4,2,4,4,5,4,1,4,Cloud Engineer
3,2,4,4,5,2,2,4,Cloud Engineer
4,2,4,3,5,2,1,3,Cloud Engineer
5,2,3,2,5,2,2,4,Cloud Engineer
3,1,4,3,5,4,3,5,Cloud Engineer
4,4,3,3,5,3,2,3,Cloud Engineer
4,3,2,4,5,3,2,5,Cloud Engineer
4,1,3,2,5,2,2,3,Cloud Engineer
4,2,3,3,5,2,2,3,Cloud Engineer
5,1,3,3,4,3,2,4,Cloud Engineer
4,2,2,3,5,4,2,4,Cloud Engineer
3,1,2,3,5,4,1,4,Cloud Engineer
4,2,3,1,5,3,3,3,Cloud Engineer
4,2,3,3,5,2,3,4,Cloud Engineer
4,2,3,3,5,3,1,4,Cloud Engineer
5,3,2,3,5,3,1,5,Cloud Engineer
3,2,3,3,4,3,1,5,Cloud Engineer
4,3,5,3,4,4,1,4,Cloud Engineer
4,2,3,3,5,3,2,4,Cloud Engineer
4,1,4,2,5,2,2,5,Cloud Engineer
3,3,3,3,5,4,3,4,Cloud Engineer
5,3,4,3,5,3,2,4,Cloud Engineer
4,2,3,3,5,3,3,4,Cloud Engineer
3,1,2,3,5,4,2,3,Cloud Engineer
4,2,2,3,4,2,2,3,Cloud Engineer
3,1,4,3,5,3,2,4,Cloud Engineer
5,2,3,3,4,3,2,4,Cloud Engineer
4,2,3,2,5,3,4,5,Cloud Engineer
3,1,3,2,5,4,1,4,Cloud Engineer
4,2,3,2,5,3,2,4,Cloud Engineer
3,2,2,3,5,3,2,4,Cloud Engineer
5,3,3,3,5,3,2,3,Cloud Engineer
4,2,4,3,5,3,2,4,Cloud Engineer
4,2,3,4,4,3,3,4,Cloud Engineer
4,2,2,4,5,3,2,4,Cloud Engineer
5,2,2,4,4,2,2,5,Cloud Engineer
4,3,3,3,5,2,2,4,Cloud Engineer
4,2,3,3,5,3,1,5,Cloud Engineer
5,3,3,4,5,2,4,4,Cloud Engineer
3,3,3,3,5,4,2,5,Cloud Engineer
4,2,3,3,5,3,2,4,Cloud Engineer
4,1,3,3,5,4,2,4,Cloud Engineer
4,2,2,3,5,2,3,4,Cloud Engineer
3,2,3,2,5,2,2,4,Cloud Engineer
3,1,2,3,4,3,1,3,Cloud Engineer
3,3,3,3,5,2,2,4,Cloud Engineer
3,3,3,2,5,1,1,3,Cloud Engineer
4,2,3,4,5,3,2,5,Cloud Engineer
5,1,3,3,4,2,3,4,Cloud Engineer
5,3,3,4,5,3,2,4,Cloud Engineer
5,2,3,2,5,3,2,4,Cloud Engineer
4,2,4,4,5,3,1,4,Cloud Engineer
4,2,3,3,5,3,2,4,Cloud Engineer
5,2,3,3,5,4,4,3,Cloud Engineer
4,2,3,2,4,3,3,4,Cloud Engineer
5,3,4,3,5,3,2,4,Cloud Engineer
5,2,3,2,5,3,3,3,Cloud Engineer
4,2,2,4,5,3,3,3,Cloud Engineer
4,2,3,2,5,3,3,4,Cloud Engineer
4,2,3,3,5,3,1,4,Cloud Engineer
4,2,4,4,5,3,1,4,Cloud Engineer
3,4,4,4,5,3,1,4,Cloud Engineer
4,4,3,3,5,4,2,4,Cloud Engineer
4,2,4,1,5,3,2,4,Cloud Engineer
4,1,4,2,5,4,2,4,Cloud Engineer
3,2,3,4,5,3,2,4,Cloud Engineer
4,3,4,3,5,2,2,3,Cloud Engineer
3,1,3,3,5,3,1,4,Cloud Engineer
3,2,4,3,5,3,2,4,Cloud Engineer
4,3,3,3,5,3,2,4,Cloud Engineer
4,1,4,4,5,2,2,2,Cloud Engineer
5,2,3,2,5,2,4,4,Cloud Engineer
5,2,4,2,5,3,3,5,Cloud Engineer
4,2,3,3,5,3,2,4,Cloud Engineer
5,2,3,3,4,4,2,4,Cloud Engineer
3,3,2,4,5,4,2,4,Cloud Engineer
5,2,4,3,5,3,3,4,Cloud Engineer
4,1,3,3,4,2,2,4,Cloud Engineer
4,1,2,3,5,4,1,4,Cloud Engineer
5,2,3,3,5,4,1,4,Cloud Engineer
4,1,4,3,5,3,1,3,Cloud Engineer
3,2,4,4,3,2,3,4,Cloud Engineer
4,2,3,3,5,2,2,3,Cloud Engineer
4,2,3,2,5,4,2,4,Cloud Engineer
4,2,3,3,5,3,1,4,Cloud Engineer
4,3,3,4,5,2,2,4,Cloud Engineer
5,2,4,2,5,3,2,4,Cloud Engineer
3,1,3,3,5,3,3,4,Cloud Engineer
5,2,3,3,4,3,2,4,Cloud Engineer
4,2,4,3,5,3,2,5,Cloud Engineer
3,3,3,4,5,3,1,3,Cloud Engineer
3,2,4,5,4,2,3,4,Cloud Engineer
5,1,3,3,5,3,1,4,Cloud Engineer
4,2,3,3,5,3,1,4,Cloud Engineer
3,2,2,2,5,3,3,4,Cloud Engineer
4,3,3,3,4,4,2,4,Cloud Engineer
4,2,3,3,5,3,1,5,Cloud Engineer
3,2,3,3,4,3,1,4,Cloud Engineer
5,2,3,2,5,3,2,4,Cloud Engineer
4,2,3,3,5,3,1,4,Cloud Engineer
4,2,3,2,5,3,1,4,Cloud Engineer
4,2,4,4,5,2,3,3,Cloud Engineer
4,2,3,3,4,3,2,5,Cloud Engineer
4,2,2,3,5,3,2,3,Cloud Engineer
5,3,2,3,4,3,2,4,Cloud Engineer
4,2,2,5,5,3,1,4,Cloud Engineer
4,3,3,3,5,3,2,4,Cloud Engineer
4,2,3,3,4,3,3,4,Cloud Engineer
5,2,4,2,5,4,1,4,Cloud Engineer
4,2,4,3,5,4,2,4,Cloud Engineer
3,2,3,3,5,3,1,2,Cloud Engineer
5,3,3,3,5,3,1,5,Cloud Engineer
5,2,3,5,5,3,1,5,Cloud Engineer
4,3,3,3,4,3,2,3,Cloud Engineer
4,2,4,2,5,3,1,5,Cloud Engineer
4,2,2,3,5,2,2,5,Cloud Engineer
4,2,3,3,5,2,2,3,Cloud Engineer
3,2,2,3,5,4,2,5,Cloud Engineer
4,2,4,4,5,3,1,5,Cloud Engineer
3,3,2,2,5,3,3,3,Cloud Engineer
4,3,3,3,5,3,2,4,Cloud Engineer
5,2,3,4,4,5,3,3,Cloud Engineer
5,2,3,3,5,3,3,4,Cloud Engineer
3,3,4,3,5,3,2,4,Cloud Engineer
4,4,4,2,5,3,3,5,Cloud Engineer
4,2,4,3,4,3,2,3,Cloud Engineer
4,1,2,3,5,2,1,4,Cloud Engineer
4,3,3,2,5,4,1,5,Cloud Engineer
4,2,3,3,4,2,1,5,Cloud Engineer
5,2,3,3,4,3,2,4,Cloud Engineer
4,1,4,3,5,3,1,3,Cloud Engineer
4,1,3,4,5,3,3,4,Cloud Engineer
4,2,3,4,5,3,2,4,Cloud Engineer
4,2,2,2,5,3,1,4,Cloud Engineer
3,1,3,3,5,2,1,4,Cloud Engineer
4,2,3,3,5,3,3,4,Cloud Engineer
4,3,3,2,4,4,2,4,Cloud Engineer
4,3,4,3,5,4,2,3,Cloud Engineer
3,2,3,3,5,4,2,4,Cloud Engineer
4,2,3,2,5,4,2,4,Cloud Engineer
5,2,3,2,5,3,3,3,Cloud Engineer
4,2,3,2,5,2,2,3,Cloud Engineer
3,1,3,3,5,5,3,4,Cloud Engineer
4,3,2,3,5,2,2,3,Cloud Engineer
4,3,3,3,5,3,3,4,Cloud Engineer
4,1,2,4,5,3,2,4,Cloud Engineer
4,2,3,2,5,3,2,4,Cloud Engineer
5,2,3,4,5,3,2,4,Cloud Engineer
5,3,2,3,4,3,2,4,Cloud Engineer
4,2,2,4,5,3,2,4,Cloud Engineer
3,2,3,3,5,2,2,5,Cloud Engineer
3,2,4,3,5,3,1,4,Cloud Engineer
4,3,3,3,5,3,2,3,Cloud Engineer
4,3,3,2,5,3,3,3,Cloud Engineer
4,2,3,2,5,4,1,4,Cloud Engineer
4,1,2,3,5,3,2,4,Cloud Engineer
4,2,3,3,5,4,1,3,Cloud Engineer
3,2,3,3,5,3,3,4,Cloud Engineer
5,2,4,4,5,3,2,4,Cloud Engineer
3,3,2,3,5,3,2,4,Cloud Engineer
4,4,3,3,4,3,2,4,Cloud Engineer
4,3,4,2,4,4,2,4,Cloud Engineer
5,1,3,4,5,4,2,3,Cloud Engineer
4,2,3,3,5,3,2,4,Cloud Engineer
4,1,3,3,5,2,2,4,Cloud Engineer
5,2,4,3,5,3,3,4,Cloud Engineer
3,3,3,3,5,3,2,4,Cloud Engineer
5,1,3,4,5,3,2,4,Cloud Engineer
4,1,4,3,4,3,2,4,Cloud Engineer
4,2,4,3,5,3,2,4,Cloud Engineer
5,2,2,4,5,4,2,3,Cloud Engineer
5,1,2,3,5,2,2,4,Cloud Engineer
4,1,3,3,5,3,2,4,Cloud Engineer
4,1,3,2,5,3,3,4,Cloud Engineer
3,2,3,4,5,3,2,4,Cloud Engineer
5,2,3,3,4,3,1,5,Cloud Engineer
4,2,4,3,5,4,2,4,Cloud Engineer
4,2,2,3,5,4,2,5,Cloud Engineer
3,2,3,3,5,3,2,4,Cloud Engineer
5,2,4,4,5,3,1,4,Cloud Engineer
4,2,3,3,5,3,2,4,Cloud Engineer
4,2,2,4,5,4,2,4,Cloud Engineer
5,3,3,3,4,2,3,3,Cloud Engineer
5,2,3,3,4,2,1,5,Cloud Engineer
3,2,3,3,5,3,2,4,Cloud Engineer
3,2,3,3,5,4,2,3,Cloud Engineer
4,2,3,3,5,3,2,5,Cloud Engineer
4,1,4,2,5,3,2,4,Cloud Engineer
5,2,2,2,5,3,2,4,Cloud Engineer
4,2,3,3,5,3,2,4,Cloud Engineer
4,2,3,3,4,3,1,5,Cloud Engineer
4,2,3,3,5,3,3,3,Cloud Engineer
4,3,3,3,5,3,3,4,Cloud Engineer
4,2,5,4,5,2,2,4,Cloud Engineer
4,1,4,3,5,3,2,4,Cloud Engineer
3,2,3,3,5,3,3,5,Cloud Engineer
4,2,4,2,5,3,1,4,Cloud Engineer
3,2,3,2,5,3,2,3,Cloud Engineer
5,2,4,3,5,3,2,5,Cloud Engineer
4,2,2,3,4,3,2,4,Cloud Engineer
4,2,3,3,5,3,3,3,Cloud Engineer
4,2,3,3,5,3,2,4,Cloud Engineer
3,2,3,2,5,2,1,4,Cloud Engineer
3,2,3,2,5,2,2,4,Cloud Engineer
4,1,3,4,4,3,2,4,Cloud Engineer
5,2,2,3,5,3,3,5,Cloud Engineer
3,3,2,4,5,3,2,5,Cloud Engineer
4,3,4,3,4,3,3,4,Cloud Engineer
3,1,2,3,5,3,3,4,Cloud Engineer
4,3,3,2,4,3,3,4,Cloud Engineer
5,2,2,3,5,2,2,3,Cloud Engineer
5,2,3,3,5,3,2,3,Cloud Engineer
4,3,2,3,5,4,1,5,Cloud Engineer
3,1,3,4,5,3,3,3,Cloud Engineer
4,1,3,4,4,3,1,5,Cloud Engineer
5,3,2,3,5,3,1,4,Cloud Engineer
5,2,3,3,5,3,2,3,Cloud Engineer
4,2,3,3,5,3,2,5,Cloud Engineer
4,1,3,3,5,3,2,4,Cloud Engineer
4,2,3,4,4,4,2,3,Cloud Engineer
3,2,3,3,5,3,3,5,Cloud Engineer
4,1,2,3,5,3,2,4,Cloud Engineer
4,2,3,4,5,3,2,4,Cloud Engineer
4,2,3,3,5,4,2,4,Cloud Engineer
3,1,3,3,5,2,3,4,Cloud Engineer
4,1,3,3,4,3,1,3,Cloud Engineer
5,2,3,3,5,3,2,5,Cloud Engineer
4,3,3,4,5,4,2,3,Cloud Engineer
3,2,4,3,5,3,2,3,Cloud Engineer
4,2,2,2,4,3,1,5,Cloud Engineer
3,2,3,3,4,3,2,4,Cloud Engineer
3,3,2,2,5,3,2,4,Cloud Engineer
3,2,3,3,5,3,1,5,Cloud Engineer
5,3,3,4,5,3,2,4,Cloud Engineer
5,2,4,2,4,3,3,3,Cloud Engineer
4,2,3,4,5,3,1,4,Cloud Engineer
4,2,3,4,4,3,2,4,Cloud Engineer
4,1,3,3,5,4,1,4,Cloud Engineer
5,2,3,3,4,3,1,3,Cloud Engineer
3,3,2,2,5,2,3,4,Cloud Engineer
4,2,3,3,5,3,2,3,Cloud Engineer
4,4,4,2,5,3,1,4,Cloud Engineer
5,2,3,4,5,4,2,5,Cloud Engineer
4,1,3,3,3,3,1,5,Cloud Engineer
4,2,3,3,4,4,1,4,Cloud Engineer
4,2,3,3,5,3,1,4,Cloud Engineer
4,2,2,2,4,3,2,4,Cloud Engineer
4,2,3,4,5,3,2,4,Cloud Engineer
4,2,3,3,5,4,2,4,Cloud Engineer
5,2,4,3,5,3,1,5,Cloud Engineer
3,3,4,3,4,4,1,4,Cloud Engineer
4,2,3,3,5,2,2,5,Cloud Engineer
5,3,2,4,5,3,2,4,Cloud Engineer
4,1,3,2,5,3,2,5,Cloud Engineer
4,3,3,3,4,3,2,5,Cloud Engineer
4,3,3,3,5,3,1,4,Cloud Engineer
4,2,3,4,4,2,3,5,Cloud Engineer
4,2,3,3,4,3,2,3,Cloud Engineer
5,3,3,3,4,3,2,5,Cloud Engineer
3,2,3,3,5,4,2,4,Cloud Engineer
3,2,4,4,5,3,1,4,Cloud Engineer
3,2,4,3,5,3,2,4,Cloud Engineer
5,2,3,3,5,4,2,3,Cloud Engineer
3,2,3,2,5,2,1,4,Cloud Engineer
4,2,4,2,5,3,2,4,Cloud Engineer
3,2,2,3,5,4,2,4,Cloud Engineer
4,3,3,2,5,2,3,4,Cloud Engineer
5,2,3,3,4,2,2,4,Cloud Engineer
3,2,4,3,5,3,1,4,Cloud Engineer
4,2,3,3,4,3,2,5,Cloud Engineer
4,2,3,4,5,3,2,3,Cloud Engineer
3,2,3,3,5,3,2,4,Cloud Engineer
4,2,3,3,5,5,1,3,Cloud Engineer
4,1,3,4,5,3,2,5,Cloud Engineer
4,2,3,3,5,2,2,3,Cloud Engineer
5,2,3,3,5,3,2,4,Cloud Engineer
3,3,3,3,5,1,2,3,Cloud Engineer
3,3,2,2,5,3,1,4,Cloud Engineer
5,2,4,3,5,3,2,4,Cloud Engineer
4,2,3,3,5,3,1,5,Cloud Engineer
5,1,2,3,4,3,1,4,Cloud Engineer
3,1,3,4,5,2,4,4,Cloud Engineer
4,1,4,3,5,4,2,4,Cloud Engineer
3,2,1,4,5,2,2,4,Cloud Engineer
4,2,3,4,5,2,2,5,Cloud Engineer
3,3,2,4,4,3,1,4,Cloud Engineer
5,1,3,3,4,3,2,4,Cloud Engineer
4,2,3,4,5,3,1,4,Cloud Engineer
3,1,2,3,3,5,2,3,Cybersecurity Analyst
3,2,2,3,3,5,2,3,Cybersecurity Analyst
2,1,3,3,4,4,1,4,Cybersecurity Analyst
3,1,3,3,4,4,2,2,Cybersecurity Analyst
3,2,3,2,4,5,1,4,Cybersecurity Analyst
4,2,3,3,4,5,2,3,Cybersecurity Analyst
3,1,2,3,4,5,2,2,Cybersecurity Analyst
2,1,3,2,4,5,2,2,Cybersecurity Analyst
2,1,2,3,4,4,2,3,Cybersecurity Analyst
3,1,3,3,3,5,2,4,Cybersecurity Analyst
3,2,3,2,4,5,2,3,Cybersecurity Analyst
2,1,3,4,4,5,2,3,Cybersecurity Analyst
3,1,4,3,3,5,2,4,Cybersecurity Analyst
2,1,4,3,4,5,3,3,Cybersecurity Analyst
2,1,3,2,4,5,1,3,Cybersecurity Analyst
2,1,3,2,3,5,3,2,Cybersecurity Analyst
3,1,3,4,5,5,2,3,Cybersecurity Analyst
3,1,3,3,4,5,1,5,Cybersecurity Analyst
3,1,3,4,5,4,2,3,Cybersecurity Analyst
4,2,4,2,4,5,1,2,Cybersecurity Analyst
3,1,3,3,4,5,1,3,Cybersecurity Analyst
2,1,3,3,4,4,2,3,Cybersecurity Analyst
2,2,3,3,4,4,2,4,Cybersecurity Analyst
3,1,3,3,5,5,2,2,Cybersecurity Analyst
1,1,2,3,4,5,2,3,Cybersecurity Analyst
2,2,3,2,4,5,2,3,Cybersecurity Analyst
4,1,4,3,4,5,1,3,Cybersecurity Analyst
3,1,3,4,4,5,2,2,Cybersecurity Analyst
3,1,2,3,4,5,3,4,Cybersecurity Analyst
2,1,3,2,4,5,1,2,Cybersecurity Analyst
2,1,2,4,4,4,2,3,Cybersecurity Analyst
3,1,3,2,5,5,2,3,Cybersecurity Analyst
3,1,3,4,4,5,3,4,Cybersecurity Analyst
3,1,3,4,3,5,2,4,Cybersecurity Analyst
3,1,3,3,3,5,1,3,Cybersecurity Analyst
3,1,3,3,4,5,2,2,Cybersecurity Analyst
2,1,3,3,5,5,2,3,Cybersecurity Analyst
3,1,2,3,3,5,2,2,Cybersecurity Analyst
3,1,2,3,3,5,3,3,Cybersecurity Analyst
2,2,2,3,4,5,2,2,Cybersecurity Analyst
4,2,4,2,5,5,3,3,Cybersecurity Analyst
4,1,2,2,5,3,2,3,Cybersecurity Analyst
3,1,2,3,3,5,2,3,Cybersecurity Analyst
3,1,2,4,5,5,2,3,Cybersecurity Analyst
3,1,3,3,5,5,1,3,Cybersecurity Analyst
3,1,4,3,4,5,2,2,Cybersecurity Analyst
2,1,3,3,3,5,2,4,Cybersecurity Analyst
3,1,3,3,4,5,2,3,Cybersecurity Analyst
2,1,4,4,5,5,2,3,Cybersecurity Analyst
3,1,2,3,3,4,2,3,Cybersecurity Analyst
3,1,3,3,4,5,1,4,Cybersecurity Analyst
2,1,3,3,4,5,2,3,Cybersecurity Analyst
3,1,3,4,3,4,2,4,Cybersecurity Analyst
3,1,2,3,4,4,3,4,Cybersecurity Analyst
3,1,3,2,4,5,2,3,Cybersecurity Analyst
3,2,3,4,4,5,3,4,Cybersecurity Analyst
3,2,3,3,3,4,2,2,Cybersecurity Analyst
3,1,3,3,3,4,2,4,Cybersecurity Analyst
2,1,3,2,3,4,1,3,Cybersecurity Analyst
3,1,2,4,4,5,3,3,Cybersecurity Analyst
3,1,3,2,4,5,1,3,Cybersecurity Analyst
3,1,2,2,4,5,2,4,Cybersecurity Analyst
4,1,2,3,4,5,2,3,Cybersecurity Analyst
4,1,4,4,4,4,2,3,Cybersecurity Analyst
2,1,3,3,3,5,2,3,Cybersecurity Analyst
2,1,4,4,4,5,1,3,Cybersecurity Analyst
3,1,3,3,5,5,3,4,Cybersecurity Analyst
3,1,2,3,4,5,2,2,Cybersecurity Analyst
2,1,4,3,4,5,2,4,Cybersecurity Analyst
2,1,2,2,5,4,3,3,Cybersecurity Analyst
3,1,4,4,3,4,2,3,Cybersecurity Analyst
3,2,2,3,3,4,2,3,Cybersecurity Analyst
2,1,2,3,4,5,2,3,Cybersecurity Analyst
3,1,3,3,4,5,2,3,Cybersecurity Analyst
2,1,2,2,4,5,3,3,Cybersecurity Analyst
3,1,3,4,4,5,3,3,Cybersecurity Analyst
2,1,3,3,5,5,3,3,Cybersecurity Analyst
3,1,3,3,5,5,2,3,Cybersecurity Analyst
3,1,3,3,4,5,1,2,Cybersecurity Analyst
3,1,2,3,3,5,2,4,Cybersecurity Analyst
3,2,1,1,4,4,2,4,Cybersecurity Analyst
2,1,1,3,4,5,1,4,Cybersecurity Analyst
3,1,2,3,5,5,2,3,Cybersecurity Analyst
2,1,2,3,4,5,2,3,Cybersecurity Analyst
3,2,3,3,4,5,1,3,Cybersecurity Analyst
4,1,3,3,5,4,2,2,Cybersecurity Analyst
3,1,4,4,5,4,2,4,Cybersecurity Analyst
3,1,4,1,5,4,1,3,Cybersecurity Analyst
4,1,4,3,4,5,3,2,Cybersecurity Analyst
2,1,2,2,3,5,3,2,Cybersecurity Analyst
4,1,3,4,4,5,2,2,Cybersecurity Analyst
3,1,3,3,4,5,2,2,Cybersecurity Analyst
3,1,3,3,5,5,2,2,Cybersecurity Analyst
2,1,3,3,4,5,2,4,Cybersecurity Analyst
3,1,3,3,4,5,2,3,Cybersecurity Analyst
3,1,3,3,3,5,3,2,Cybersecurity Analyst
3,1,3,2,4,5,1,3,Cybersecurity Analyst
4,1,3,3,4,5,2,3,Cybersecurity Analyst
4,2,3,5,4,5,2,3,Cybersecurity Analyst
3,1,3,3,5,5,2,3,Cybersecurity Analyst
3,1,4,3,4,5,3,3,Cybersecurity Analyst
3,1,5,3,5,5,2,3,Cybersecurity Analyst
2,1,3,2,4,5,1,3,Cybersecurity Analyst
3,1,3,3,3,5,2,3,Cybersecurity Analyst
3,1,4,3,4,5,1,3,Cybersecurity Analyst
3,2,2,3,4,5,1,3,Cybersecurity Analyst
3,1,3,3,3,5,2,2,Cybersecurity Analyst
3,1,3,3,5,4,2,3,Cybersecurity Analyst
2,2,3,3,4,5,2,2,Cybersecurity Analyst
2,1,2,3,4,5,2,3,Cybersecurity Analyst
4,2,3,3,3,5,2,3,Cybersecurity Analyst
3,2,3,3,4,5,1,3,Cybersecurity Analyst
3,1,4,3,4,5,3,3,Cybersecurity Analyst
3,2,3,2,5,5,2,3,Cybersecurity Analyst
2,1,4,3,3,5,3,3,Cybersecurity Analyst
3,1,2,3,5,5,3,3,Cybersecurity Analyst
3,1,3,4,4,5,2,2,Cybersecurity Analyst
2,1,3,2,4,5,2,4,Cybersecurity Analyst
4,1,3,3,5,4,2,3,Cybersecurity Analyst
2,1,2,2,4,5,2,4,Cybersecurity Analyst
3,2,3,2,4,5,3,3,Cybersecurity Analyst
2,2,4,2,3,5,2,2,Cybersecurity Analyst
3,1,4,3,4,5,2,3,Cybersecurity Analyst
3,1,3,3,5,5,1,4,Cybersecurity Analyst
4,1,3,4,4,5,2,4,Cybersecurity Analyst
3,1,3,4,4,5,2,3,Cybersecurity Analyst
2,2,4,3,3,5,2,3,Cybersecurity Analyst
4,1,3,4,4,5,2,2,Cybersecurity Analyst
3,2,3,3,4,4,2,3,Cybersecurity Analyst
3,1,3,3,4,5,2,3,Cybersecurity Analyst
3,1,3,3,2,5,1,4,Cybersecurity Analyst
3,1,4,3,3,4,3,2,Cybersecurity Analyst
3,1,3,4,4,3,2,3,Cybersecurity Analyst
4,1,3,2,4,5,2,3,Cybersecurity Analyst
4,1,3,3,5,5,1,3,Cybersecurity Analyst
4,1,3,2,4,4,2,3,Cybersecurity Analyst
3,1,3,3,5,5,2,3,Cybersecurity Analyst
4,1,3,3,4,5,2,4,Cybersecurity Analyst
2,1,3,3,5,5,2,3,Cybersecurity Analyst
3,1,1,3,4,5,3,3,Cybersecurity Analyst
4,3,3,3,4,5,2,4,Cybersecurity Analyst
3,1,4,3,4,5,3,4,Cybersecurity Analyst
3,1,2,2,3,5,2,3,Cybersecurity Analyst
2,1,4,4,4,5,2,3,Cybersecurity Analyst
3,1,3,2,4,5,1,3,Cybersecurity Analyst
3,1,3,3,3,5,3,3,Cybersecurity Analyst
3,1,3,3,3,5,2,3,Cybersecurity Analyst
3,2,4,3,4,5,3,3,Cybersecurity Analyst
2,1,4,2,3,4,1,2,Cybersecurity Analyst
3,1,2,3,5,5,2,5,Cybersecurity Analyst
4,1,4,3,4,5,2,3,Cybersecurity Analyst
3,2,2,4,3,5,2,2,Cybersecurity Analyst
2,1,4,2,3,5,3,3,Cybersecurity Analyst
3,1,2,4,4,5,2,2,Cybersecurity Analyst
3,1,4,3,4,5,2,2,Cybersecurity Analyst
3,1,3,2,4,4,3,3,Cybersecurity Analyst
3,1,3,4,3,5,3,2,Cybersecurity Analyst
3,1,2,4,3,5,1,2,Cybersecurity Analyst
3,1,3,2,3,5,1,3,Cybersecurity Analyst
4,1,4,3,5,5,1,3,Cybersecurity Analyst
3,1,4,2,3,5,2,4,Cybersecurity Analyst
4,1,4,3,4,5,2,3,Cybersecurity Analyst
3,1,3,3,4,5,1,3,Cybersecurity Analyst
2,1,4,3,3,5,2,4,Cybersecurity Analyst
3,1,3,3,3,5,2,3,Cybersecurity Analyst
3,1,2,2,4,5,2,3,Cybersecurity Analyst
4,2,3,3,2,5,1,3,Cybersecurity Analyst
4,1,3,3,3,4,3,3,Cybersecurity Analyst
4,1,3,2,3,5,3,3,Cybersecurity Analyst
3,1,3,2,4,5,2,4,Cybersecurity Analyst
2,1,4,3,4,5,2,3,Cybersecurity Analyst
3,1,3,2,3,4,3,3,Cybersecurity Analyst
3,1,3,2,4,5,2,3,Cybersecurity Analyst
2,2,3,3,4,4,3,3,Cybersecurity Analyst
2,1,3,3,4,4,2,2,Cybersecurity Analyst
3,1,3,4,4,5,2,3,Cybersecurity Analyst
3,2,4,3,4,5,2,3,Cybersecurity Analyst
4,1,2,3,5,4,2,2,Cybersecurity Analyst
3,1,3,2,4,5,2,3,Cybersecurity Analyst
1,1,4,3,4,5,2,2,Cybersecurity Analyst
2,2,4,2,4,4,2,3,Cybersecurity Analyst
3,2,4,3,4,4,2,3,Cybersecurity Analyst
3,1,4,3,4,5,3,4,Cybersecurity Analyst
3,2,3,3,3,4,2,3,Cybersecurity Analyst
4,1,2,3,4,5,2,2,Cybersecurity Analyst
4,1,4,2,3,5,2,3,Cybersecurity Analyst
3,1,1,4,4,4,3,4,Cybersecurity Analyst
3,1,3,2,5,5,1,4,Cybersecurity Analyst
3,1,3,3,5,5,1,3,Cybersecurity Analyst
4,1,4,3,4,5,2,3,Cybersecurity Analyst
2,1,3,2,4,5,2,3,Cybersecurity Analyst
4,1,4,4,4,4,2,3,Cybersecurity Analyst
4,1,2,3,4,5,2,3,Cybersecurity Analyst
2,1,3,3,5,5,2,4,Cybersecurity Analyst
4,1,2,2,4,4,3,3,Cybersecurity Analyst
2,1,3,3,4,5,2,2,Cybersecurity Analyst
3,2,4,3,4,5,1,3,Cybersecurity Analyst
3,1,4,3,4,5,3,3,Cybersecurity Analyst
4,1,4,3,4,5,3,4,Cybersecurity Analyst
4,1,2,2,4,4,2,2,Cybersecurity Analyst
3,3,2,3,4,5,2,3,Cybersecurity Analyst
3,1,3,2,4,4,2,3,Cybersecurity Analyst
3,1,3,4,4,5,2,3,Cybersecurity Analyst
3,1,3,2,4,5,2,4,Cybersecurity Analyst
3,1,3,3,4,4,2,3,Cybersecurity Analyst
3,1,3,3,4,5,2,3,Cybersecurity Analyst
3,1,2,2,5,5,2,3,Cybersecurity Analyst
2,1,3,3,4,4,2,2,Cybersecurity Analyst
3,1,3,3,4,5,2,3,Cybersecurity Analyst
4,1,4,3,3,5,2,3,Cybersecurity Analyst
2,1,2,4,4,5,1,3,Cybersecurity Analyst
3,2,4,2,4,5,2,3,Cybersecurity Analyst
2,1,4,3,3,4,1,3,Cybersecurity Analyst
2,2,4,3,5,5,3,2,Cybersecurity Analyst
4,1,3,3,5,4,2,4,Cybersecurity Analyst
2,1,4,3,4,5,1,1,Cybersecurity Analyst
3,2,3,3,4,5,1,3,Cybersecurity Analyst
2,1,3,3,4,5,2,3,Cybersecurity Analyst
3,1,3,2,4,5,3,4,Cybersecurity Analyst
3,1,3,3,4,5,2,3,Cybersecurity Analyst
3,1,4,3,3,5,2,3,Cybersecurity Analyst
5,1,3,2,4,5,3,4,Cybersecurity Analyst
3,1,3,3,4,5,2,3,Cybersecurity Analyst
2,1,2,3,3,5,2,3,Cybersecurity Analyst
3,1,3,4,5,4,2,3,Cybersecurity Analyst
3,1,2,3,3,5,3,3,Cybersecurity Analyst
4,1,3,4,4,5,1,3,Cybersecurity Analyst
4,1,3,4,4,5,1,3,Cybersecurity Analyst
2,1,3,3,3,5,2,3,Cybersecurity Analyst
3,1,3,4,4,5,3,3,Cybersecurity Analyst
4,1,3,4,4,4,2,3,Cybersecurity Analyst
3,1,3,4,4,5,3,2,Cybersecurity Analyst
3,1,3,3,4,5,2,3,Cybersecurity Analyst
3,1,3,2,4,5,2,3,Cybersecurity Analyst
3,1,4,3,4,4,2,3,Cybersecurity Analyst
3,1,3,4,4,4,3,2,Cybersecurity Analyst
3,1,3,3,5,5,2,3,Cybersecurity Analyst
3,1,3,2,3,5,2,2,Cybersecurity Analyst
4,1,3,3,4,4,3,2,Cybersecurity Analyst
2,1,3,2,3,4,1,5,Cybersecurity Analyst
2,2,2,2,5,5,2,3,Cybersecurity Analyst
3,1,3,3,4,5,3,3,Cybersecurity Analyst
2,2,3,2,5,5,2,4,Cybersecurity Analyst
3,1,3,4,4,5,1,2,Cybersecurity Analyst
3,1,3,3,4,5,3,3,Cybersecurity Analyst
4,1,2,4,5,5,2,3,Cybersecurity Analyst
4,1,3,2,5,5,2,3,Cybersecurity Analyst
1,2,3,3,4,5,3,3,Cybersecurity Analyst
3,1,3,3,4,4,2,4,Cybersecurity Analyst
3,2,2,3,5,5,2,3,Cybersecurity Analyst
2,1,2,2,4,5,3,3,Cybersecurity Analyst
3,1,3,4,3,5,2,4,Cybersecurity Analyst
4,1,4,2,3,5,2,3,Cybersecurity Analyst
3,1,3,3,5,4,2,3,Cybersecurity Analyst
3,1,2,3,5,5,2,3,Cybersecurity Analyst
4,2,3,3,4,5,2,4,Cybersecurity Analyst
3,1,3,3,4,4,2,3,Cybersecurity Analyst
4,1,3,2,4,5,3,3,Cybersecurity Analyst
3,1,2,3,4,4,2,3,Cybersecurity Analyst
2,1,3,4,4,5,1,3,Cybersecurity Analyst
4,1,3,3,4,5,2,3,Cybersecurity Analyst
2,1,3,3,4,5,3,3,Cybersecurity Analyst
3,2,4,4,4,5,1,2,Cybersecurity Analyst
4,1,4,3,4,4,3,2,Cybersecurity Analyst
2,1,3,3,3,5,3,3,Cybersecurity Analyst
3,1,3,3,4,5,1,4,Cybersecurity Analyst
3,1,3,2,4,5,2,2,Cybersecurity Analyst
2,1,2,3,4,5,1,3,Cybersecurity Analyst
3,1,3,2,3,4,1,2,Cybersecurity Analyst
4,1,3,4,4,5,2,4,Cybersecurity Analyst
3,1,3,2,4,5,2,2,Cybersecurity Analyst
3,1,2,2,4,5,2,2,Cybersecurity Analyst
3,1,3,3,4,5,3,4,Cybersecurity Analyst
2,1,3,4,4,5,2,4,Cybersecurity Analyst
3,1,3,4,4,5,2,3,Cybersecurity Analyst
3,1,3,3,4,5,2,3,Cybersecurity Analyst
2,1,3,2,2,4,2,3,Cybersecurity Analyst
3,1,3,3,4,5,2,3,Cybersecurity Analyst
3,2,3,3,3,4,3,3,Cybersecurity Analyst
4,1,2,3,5,5,2,3,Cybersecurity Analyst
3,1,2,4,4,4,2,3,Cybersecurity Analyst
2,1,4,4,4,5,2,3,Cybersecurity Analyst
4,2,3,5,4,4,2,3,Cybersecurity Analyst
4,2,2,3,5,5,2,3,Cybersecurity Analyst
4,2,2,3,3,5,1,4,Cybersecurity Analyst
4,1,3,4,4,5,2,3,Cybersecurity Analyst
2,1,3,3,5,5,2,4,Cybersecurity Analyst
3,2,3,4,4,5,1,3,Cybersecurity Analyst
4,1,4,3,4,5,2,3,Cybersecurity Analyst
3,1,4,3,4,5,2,2,Cybersecurity Analyst
3,1,3,3,4,4,2,4,Cybersecurity Analyst
2,1,3,2,3,4,3,3,Cybersecurity Analyst
2,1,4,2,5,4,2,3,Cybersecurity Analyst
4,1,3,3,2,5,2,3,Cybersecurity Analyst
3,1,3,3,4,4,1,4,Cybersecurity Analyst
2,1,3,4,3,5,2,2,Cybersecurity Analyst
3,1,3,3,5,5,3,4,Cybersecurity Analyst
2,2,4,3,4,4,3,3,Cybersecurity Analyst
3,2,2,3,3,5,2,3,Cybersecurity Analyst
2,2,3,4,4,4,2,3,Cybersecurity Analyst
2,2,3,3,4,5,2,4,Cybersecurity Analyst
2,2,5,3,3,5,2,3,Cybersecurity Analyst
3,1,3,3,3,4,2,3,Cybersecurity Analyst
3,1,3,3,4,5,2,2,Cybersecurity Analyst
2,2,4,2,3,5,2,3,Cybersecurity Analyst
3,1,4,4,4,5,3,3,Cybersecurity Analyst
3,2,3,2,4,5,1,4,Cybersecurity Analyst
2,1,3,4,4,4,2,4,Cybersecurity Analyst
2,1,3,3,3,5,1,3,Cybersecurity Analyst
3,2,3,3,4,4,2,4,Cybersecurity Analyst
2,1,2,3,5,5,2,3,Cybersecurity Analyst
3,1,3,3,3,5,3,3,Cybersecurity Analyst
2,1,3,3,5,5,2,2,Cybersecurity Analyst
2,1,3,4,3,5,1,2,Cybersecurity Analyst
4,1,3,3,5,5,2,3,Cybersecurity Analyst
3,1,3,3,4,5,2,3,Cybersecurity Analyst
3,1,2,4,4,5,2,3,Cybersecurity Analyst
4,1,3,3,2,5,2,3,Cybersecurity Analyst
4,1,3,3,4,5,3,3,Cybersecurity Analyst
2,1,2,3,4,5,2,3,Cybersecurity Analyst
3,1,4,4,5,4,1,3,Cybersecurity Analyst
4,1,3,3,4,4,2,3,Cybersecurity Analyst
4,1,4,3,4,5,2,4,Cybersecurity Analyst
3,1,2,2,4,4,3,3,Cybersecurity Analyst
2,2,2,2,5,4,2,4,Cybersecurity Analyst
3,1,4,3,4,5,3,3,Cybersecurity Analyst
4,1,3,3,5,5,2,3,Cybersecurity Analyst
3,1,3,3,4,5,2,3,Cybersecurity Analyst
5,1,3,3,3,5,3,3,Cybersecurity Analyst
3,1,3,3,4,4,2,3,Cybersecurity Analyst
2,2,3,2,3,5,3,3,Cybersecurity Analyst
3,1,2,3,5,5,2,2,Cybersecurity Analyst
3,1,3,3,4,4,2,3,Cybersecurity Analyst
4,1,3,3,4,5,1,3,Cybersecurity Analyst
3,1,3,3,4,5,2,2,Cybersecurity Analyst
3,1,4,2,5,5,2,2,Cybersecurity Analyst
3,1,3,4,3,4,2,2,Cybersecurity Analyst
4,2,4,3,3,5,2,2,Cybersecurity Analyst
3,1,3,3,4,5,1,4,Cybersecurity Analyst
3,1,2,3,4,4,2,3,Cybersecurity Analyst
3,1,3,4,3,5,2,3,Cybersecurity Analyst
4,1,3,3,4,5,3,3,Cybersecurity Analyst
3,1,4,3,5,5,2,3,Cybersecurity Analyst
3,1,3,1,3,5,2,2,Cybersecurity Analyst
3,2,2,2,4,5,2,3,Cybersecurity Analyst
3,1,2,3,3,5,3,3,Cybersecurity Analyst
2,1,4,3,4,4,2,2,Cybersecurity Analyst
3,1,2,2,5,5,1,2,Cybersecurity Analyst
3,1,3,3,5,5,2,3,Cybersecurity Analyst
4,1,3,2,3,5,2,3,Cybersecurity Analyst
3,1,4,3,3,4,2,3,Cybersecurity Analyst
3,1,2,4,5,5,2,3,Cybersecurity Analyst
4,1,3,2,3,5,2,3,Cybersecurity Analyst
3,1,3,2,4,4,3,3,Cybersecurity Analyst
3,1,3,3,4,4,2,3,Cybersecurity Analyst
4,1,3,4,4,5,1,2,Cybersecurity Analyst
3,1,3,4,4,5,2,3,Cybersecurity Analyst
3,1,2,3,4,5,2,4,Cybersecurity Analyst
3,1,2,3,4,5,2,3,Cybersecurity Analyst
3,2,2,2,4,5,1,2,Cybersecurity Analyst
3,1,3,4,4,5,2,4,Cybersecurity Analyst
3,1,2,3,4,5,3,4,Cybersecurity Analyst
3,3,4,3,5,5,2,3,Cybersecurity Analyst
4,2,4,4,4,4,3,3,Cybersecurity Analyst
4,1,3,3,4,5,3,3,Cybersecurity Analyst
3,1,2,3,5,5,2,3,Cybersecurity Analyst
3,1,3,2,4,5,2,3,Cybersecurity Analyst
3,2,3,3,3,4,1,4,Cybersecurity Analyst
3,1,4,3,4,5,1,3,Cybersecurity Analyst
4,1,4,3,4,4,2,3,Cybersecurity Analyst
3,1,4,3,5,5,4,2,Cybersecurity Analyst
3,1,3,3,4,5,1,4,Cybersecurity Analyst
3,2,3,3,5,5,1,2,Cybersecurity Analyst
3,1,3,3,4,5,2,3,Cybersecurity Analyst
3,1,3,4,4,5,2,3,Cybersecurity Analyst
3,2,4,3,5,5,2,3,Cybersecurity Analyst
3,1,3,2,5,5,1,3,Cybersecurity Analyst
4,1,3,3,4,3,3,3,Cybersecurity Analyst
3,1,3,3,4,5,3,2,Cybersecurity Analyst
4,1,4,3,4,5,2,2,Cybersecurity Analyst
4,1,3,3,4,5,1,3,Cybersecurity Analyst
3,1,3,3,4,5,2,3,Cybersecurity Analyst
3,1,3,3,4,5,3,3,Cybersecurity Analyst
3,1,3,3,4,5,2,3,Cybersecurity Analyst
2,1,3,3,4,5,2,3,Cybersecurity Analyst
3,2,5,2,2,2,5,3,Data Analyst
4,2,5,3,3,2,5,1,Data Analyst
3,4,5,2,2,2,5,1,Data Analyst
3,3,5,1,1,3,4,2,Data Analyst
3,3,5,2,2,2,5,2,Data Analyst
3,3,5,2,2,3,5,2,Data Analyst
2,4,5,2,2,3,5,1,Data Analyst
2,4,4,2,3,2,5,2,Data Analyst
3,3,5,2,1,2,5,2,Data Analyst
3,3,4,2,2,2,5,3,Data Analyst
3,3,5,3,1,1,4,2,Data Analyst
3,4,5,2,2,2,5,3,Data Analyst
2,3,5,3,2,2,5,1,Data Analyst
3,3,5,1,2,2,5,2,Data Analyst
3,3,4,2,2,2,4,2,Data Analyst
4,3,5,2,2,2,5,2,Data Analyst
4,2,5,1,1,2,5,2,Data Analyst
3,3,5,2,2,2,5,1,Data Analyst
2,3,5,1,3,2,5,2,Data Analyst
3,3,5,2,2,2,5,2,Data Analyst
4,4,5,2,2,2,5,2,Data Analyst
4,4,5,1,3,2,5,1,Data Analyst
3,3,4,1,1,2,5,2,Data Analyst
3,3,5,2,1,2,4,1,Data Analyst
3,3,5,2,3,4,4,2,Data Analyst
2,4,4,2,1,2,5,2,Data Analyst
3,3,5,2,2,2,4,2,Data Analyst
4,3,5,1,2,2,5,1,Data Analyst
4,4,5,2,1,3,4,1,Data Analyst
3,3,5,3,2,1,4,2,Data Analyst
3,3,5,2,2,3,5,1,Data Analyst
2,4,5,2,3,2,4,2,Data Analyst
3,3,5,2,3,2,4,1,Data Analyst
3,3,5,2,2,1,5,3,Data Analyst
3,3,5,2,2,2,5,2,Data Analyst
3,3,4,2,3,2,5,3,Data Analyst
4,2,5,1,2,1,5,2,Data Analyst
4,2,5,2,1,2,5,2,Data Analyst
4,3,5,1,2,2,5,1,Data Analyst
3,3,5,1,2,3,5,2,Data Analyst
3,3,5,2,2,2,5,2,Data Analyst
2,4,5,3,2,1,4,2,Data Analyst
3,3,5,2,3,3,5,2,Data Analyst
2,2,4,3,3,2,5,2,Data Analyst
3,3,3,1,2,2,5,2,Data Analyst
3,3,5,2,2,3,5,2,Data Analyst
4,3,5,2,2,2,5,2,Data Analyst
3,3,5,2,3,1,5,2,Data Analyst
3,3,5,1,2,2,4,2,Data Analyst
3,3,4,3,2,1,5,1,Data Analyst
2,4,5,2,2,2,5,3,Data Analyst
3,3,5,2,3,2,5,1,Data Analyst
2,3,5,2,1,2,5,2,Data Analyst
3,2,5,1,2,3,5,2,Data Analyst
4,4,5,2,1,3,5,2,Data Analyst
3,3,5,2,2,3,4,2,Data Analyst
4,2,5,2,2,2,5,1,Data Analyst
3,4,5,2,2,2,5,2,Data Analyst
4,3,5,3,2,2,3,3,Data Analyst
2,3,5,2,3,1,5,1,Data Analyst
4,3,5,3,1,3,5,1,Data Analyst
4,3,4,2,2,2,5,3,Data Analyst
3,4,4,2,3,3,5,2,Data Analyst
4,3,5,2,1,2,5,2,Data Analyst
3,3,5,2,2,2,5,2,Data Analyst
3,3,5,1,1,2,5,1,Data Analyst
4,3,5,2,2,2,5,2,Data Analyst
3,3,5,1,3,2,5,2,Data Analyst
4,3,5,2,3,2,5,1,Data Analyst
4,2,5,1,2,2,4,2,Data Analyst
4,4,5,2,2,2,5,3,Data Analyst
3,3,5,3,1,1,4,2,Data Analyst
4,3,5,2,1,2,5,3,Data Analyst
2,4,5,3,2,1,5,2,Data Analyst
3,3,5,1,2,1,4,2,Data Analyst
3,3,5,3,2,2,5,2,Data Analyst
3,3,5,2,3,2,4,2,Data Analyst
3,3,5,1,2,2,5,2,Data Analyst
4,3,4,2,2,2,5,1,Data Analyst
3,3,5,2,2,3,5,2,Data Analyst
3,2,5,2,2,1,5,3,Data Analyst
4,3,5,2,2,2,5,2,Data Analyst
4,3,5,1,2,3,5,2,Data Analyst
3,4,5,1,1,1,5,2,Data Analyst
3,3,5,1,2,1,5,2,Data Analyst
3,2,5,2,3,2,5,1,Data Analyst
3,3,5,1,1,2,5,2,Data Analyst
4,3,5,1,3,2,4,2,Data Analyst
3,4,5,3,2,2,4,3,Data Analyst
3,3,5,2,2,3,4,3,Data Analyst
3,3,5,2,3,2,5,3,Data Analyst
3,3,5,1,2,2,4,3,Data Analyst
3,4,5,1,2,3,5,3,Data Analyst
2,3,5,2,2,2,5,2,Data Analyst
3,3,5,1,2,2,5,1,Data Analyst
2,3,5,1,1,2,5,2,Data Analyst
2,3,5,2,3,4,5,2,Data Analyst
2,3,5,2,2,2,5,2,Data Analyst
3,2,5,2,2,2,5,2,Data Analyst
4,3,4,3,3,2,5,2,Data Analyst
4,2,5,2,2,2,5,2,Data Analyst
1,4,5,2,2,1,5,1,Data Analyst
3,3,4,2,2,3,5,2,Data Analyst
4,3,5,2,1,1,5,3,Data Analyst
3,3,5,2,1,2,5,2,Data Analyst
3,2,5,2,3,3,5,2,Data Analyst
3,3,4,2,2,3,5,2,Data Analyst
4,4,5,2,2,2,4,1,Data Analyst
2,3,5,1,2,2,5,2,Data Analyst
3,3,5,2,2,2,5,2,Data Analyst
3,2,5,2,2,1,5,1,Data Analyst
2,3,5,2,2,1,4,1,Data Analyst
3,3,5,2,2,2,5,3,Data Analyst
3,3,5,3,2,1,5,2,Data Analyst
4,3,5,3,3,2,5,1,Data Analyst
3,3,5,3,3,3,5,2,Data Analyst
2,3,5,3,2,2,5,3,Data Analyst
4,4,5,2,1,3,5,2,Data Analyst
3,3,5,2,1,2,5,1,Data Analyst
3,3,4,2,2,3,5,2,Data Analyst
4,4,5,3,2,1,5,1,Data Analyst
3,2,5,3,2,1,5,2,Data Analyst
2,3,5,3,2,2,5,2,Data Analyst
3,3,5,2,1,2,5,2,Data Analyst
3,3,5,2,2,2,5,3,Data Analyst
4,3,5,3,2,3,5,2,Data Analyst
3,3,5,2,2,1,4,2,Data Analyst
3,3,5,3,3,2,5,3,Data Analyst
3,5,5,3,2,2,5,3,Data Analyst
3,4,5,3,2,2,5,3,Data Analyst
2,3,5,2,2,1,5,3,Data Analyst
3,3,4,3,2,3,5,3,Data Analyst
2,3,5,2,3,2,5,2,Data Analyst
3,3,5,2,2,2,5,2,Data Analyst
3,3,4,3,3,1,4,3,Data Analyst
2,3,5,2,3,1,5,1,Data Analyst
3,2,5,3,3,3,5,4,Data Analyst
3,3,5,3,1,2,5,2,Data Analyst
3,3,4,3,1,1,5,1,Data Analyst
2,3,4,1,2,2,4,2,Data Analyst
3,3,5,1,1,2,4,3,Data Analyst
3,2,5,2,2,2,5,2,Data Analyst
3,3,5,2,3,2,5,2,Data Analyst
3,4,4,1,3,2,5,3,Data Analyst
4,3,5,2,3,3,4,2,Data Analyst
3,3,5,3,2,2,5,2,Data Analyst
3,2,3,2,3,3,5,2,Data Analyst
3,2,5,1,2,2,5,3,Data Analyst
4,3,5,2,2,2,5,2,Data Analyst
4,2,5,2,3,2,4,2,Data Analyst
3,4,5,3,2,1,5,2,Data Analyst
3,3,4,2,1,2,5,3,Data Analyst
2,2,5,1,2,2,5,1,Data Analyst
3,3,5,2,2,2,5,3,Data Analyst
3,3,5,2,2,2,5,2,Data Analyst
3,4,5,2,2,2,5,1,Data Analyst
3,3,5,3,2,2,5,1,Data Analyst
3,3,5,2,1,2,5,1,Data Analyst
4,3,5,2,3,2,5,2,Data Analyst
3,3,5,3,3,1,4,2,Data Analyst
3,3,5,3,1,2,5,2,Data Analyst
2,3,5,2,1,3,5,2,Data Analyst
3,4,5,2,1,2,5,2,Data Analyst
3,3,5,1,3,3,5,2,Data Analyst
3,4,5,2,2,4,5,2,Data Analyst
2,3,5,3,2,1,5,2,Data Analyst
3,3,5,2,2,1,5,2,Data Analyst
3,2,5,1,2,3,5,2,Data Analyst
3,2,5,2,2,1,5,2,Data Analyst
2,3,5,3,2,2,4,2,Data Analyst
3,3,5,2,2,1,5,3,Data Analyst
3,3,5,3,1,3,5,3,Data Analyst
3,3,5,1,3,1,5,2,Data Analyst
3,3,5,1,2,3,4,2,Data Analyst
2,4,5,2,2,2,5,3,Data Analyst
3,4,5,2,2,1,5,3,Data Analyst
2,2,5,1,2,1,5,1,Data Analyst
4,4,5,2,1,2,5,2,Data Analyst
3,3,5,2,2,1,5,2,Data Analyst
3,2,5,2,1,1,5,2,Data Analyst
3,4,5,2,2,2,4,2,Data Analyst
4,3,5,1,2,2,5,2,Data Analyst
3,2,5,1,2,2,4,2,Data Analyst
3,2,5,3,2,2,4,2,Data Analyst
4,2,5,2,2,2,5,2,Data Analyst
4,4,4,2,2,2,5,3,Data Analyst
3,3,5,2,1,3,5,2,Data Analyst
3,3,5,2,2,2,5,1,Data Analyst
3,4,5,3,2,2,5,3,Data Analyst
3,3,5,2,1,3,5,3,Data Analyst
4,2,5,2,1,1,5,1,Data Analyst
3,2,4,1,2,2,5,3,Data Analyst
3,3,5,3,2,2,5,1,Data Analyst
3,4,5,3,1,2,5,1,Data Analyst
3,3,5,2,3,2,5,2,Data Analyst
3,3,4,1,2,1,4,1,Data Analyst
3,2,5,3,2,1,5,1,Data Analyst
4,3,4,1,2,2,4,2,Data Analyst
3,4,5,2,3,2,5,2,Data Analyst
4,2,5,2,1,2,3,3,Data Analyst
3,3,5,2,2,2,5,2,Data Analyst
3,3,5,3,2,3,4,2,Data Analyst
4,4,5,1,1,2,5,2,Data Analyst
3,3,5,2,1,3,5,2,Data Analyst
4,3,5,3,1,2,5,3,Data Analyst
3,3,5,2,3,2,4,1,Data Analyst
3,3,5,2,2,2,5,1,Data Analyst
2,3,5,2,1,1,4,1,Data Analyst
4,3,5,2,3,2,4,1,Data Analyst
3,4,5,2,2,2,5,2,Data Analyst
3,3,5,2,2,2,5,2,Data Analyst
3,3,5,2,1,1,5,2,Data Analyst
2,3,5,2,2,2,4,2,Data Analyst
4,2,4,2,3,2,5,1,Data Analyst
4,3,4,2,3,2,5,2,Data Analyst
3,4,5,2,2,2,5,2,Data Analyst
3,2,5,2,3,1,5,1,Data Analyst
2,2,5,1,2,2,5,1,Data Analyst
3,3,5,3,2,2,5,3,Data Analyst
3,3,5,2,2,2,4,1,Data Analyst
3,3,5,2,2,3,5,1,Data Analyst
3,3,5,3,3,2,5,2,Data Analyst
2,3,5,1,2,3,5,3,Data Analyst
2,2,5,2,2,2,5,3,Data Analyst
2,4,5,2,2,1,4,2,Data Analyst
2,4,5,2,3,2,5,2,Data Analyst
2,3,5,2,3,2,5,1,Data Analyst
3,3,5,2,2,2,5,2,Data Analyst
2,3,5,2,3,2,5,2,Data Analyst
2,3,4,2,3,2,5,2,Data Analyst
2,3,5,2,3,2,5,2,Data Analyst
2,4,5,2,2,3,5,2,Data Analyst
3,3,5,2,2,3,5,2,Data Analyst
1,3,5,2,2,3,5,2,Data Analyst
2,3,5,3,1,2,5,1,Data Analyst
4,3,5,1,2,1,5,2,Data Analyst
3,3,5,2,2,1,5,1,Data Analyst
3,3,5,1,2,3,5,2,Data Analyst
3,4,5,2,3,3,5,3,Data Analyst
4,3,5,2,2,2,5,2,Data Analyst
3,4,5,1,3,1,5,1,Data Analyst
2,3,5,2,2,1,5,2,Data Analyst
3,4,5,2,2,2,4,2,Data Analyst
4,3,5,2,2,2,4,2,Data Analyst
3,4,5,2,2,2,5,2,Data Analyst
3,4,5,2,2,3,5,2,Data Analyst
2,2,5,2,2,1,5,2,Data Analyst
4,3,5,1,1,2,5,2,Data Analyst
3,3,5,2,2,2,5,2,Data Analyst
3,3,4,2,3,2,5,2,Data Analyst
2,4,5,3,3,3,4,2,Data Analyst
2,3,5,2,2,3,5,2,Data Analyst
3,2,5,1,2,2,4,2,Data Analyst
3,3,5,2,1,1,5,1,Data Analyst
2,3,5,1,2,3,5,2,Data Analyst
2,2,5,1,2,2,5,2,Data Analyst
3,3,5,2,2,1,5,2,Data Analyst
3,3,5,2,2,1,5,2,Data Analyst
3,5,5,1,2,2,5,1,Data Analyst
3,3,5,2,2,3,5,4,Data Analyst
2,3,5,2,2,3,5,1,Data Analyst
3,4,5,2,2,3,5,2,Data Analyst
3,3,5,3,1,1,4,2,Data Analyst
3,3,5,3,2,2,5,1,Data Analyst
3,3,5,3,2,2,4,2,Data Analyst
4,3,5,3,2,1,5,1,Data Analyst
3,2,5,2,2,2,5,3,Data Analyst
2,2,4,2,3,3,5,2,Data Analyst
2,4,4,2,2,1,5,2,Data Analyst
3,3,5,3,2,2,4,3,Data Analyst
3,3,4,2,2,3,5,1,Data Analyst
3,3,5,1,3,2,5,2,Data Analyst
3,3,5,1,1,2,5,2,Data Analyst
3,2,5,2,2,2,5,2,Data Analyst
3,4,4,2,1,2,4,2,Data Analyst
2,2,5,1,1,1,5,2,Data Analyst
3,3,5,1,2,2,5,3,Data Analyst
4,3,4,2,2,2,4,3,Data Analyst
3,3,5,2,2,2,5,1,Data Analyst
3,3,5,2,1,2,5,2,Data Analyst
3,3,5,2,2,3,5,3,Data Analyst
3,3,4,2,2,3,5,1,Data Analyst
4,2,5,2,2,3,5,2,Data Analyst
3,2,5,3,1,3,5,2,Data Analyst
2,2,4,3,2,2,5,2,Data Analyst
3,3,5,2,3,1,5,2,Data Analyst
3,2,5,1,3,1,5,2,Data Analyst
3,3,4,2,2,2,5,2,Data Analyst
3,4,5,1,1,2,5,2,Data Analyst
4,3,5,3,2,2,5,3,Data Analyst
4,3,5,2,2,1,5,2,Data Analyst
3,3,5,3,3,2,4,2,Data Analyst
3,3,5,1,2,2,5,2,Data Analyst
3,3,5,2,2,2,5,1,Data Analyst
3,3,5,3,2,2,5,1,Data Analyst
3,4,5,2,2,2,5,3,Data Analyst
4,3,5,1,1,2,5,1,Data Analyst
3,2,4,3,2,2,4,2,Data Analyst
1,4,5,1,3,3,5,2,Data Analyst
3,4,4,2,1,3,4,3,Data Analyst
3,3,5,3,3,1,5,1,Data Analyst
3,3,5,2,3,2,5,1,Data Analyst
4,3,5,3,2,2,4,2,Data Analyst
4,3,5,2,2,2,5,3,Data Analyst
4,2,5,3,3,2,4,2,Data Analyst
3,4,5,2,2,3,5,2,Data Analyst
3,2,5,2,2,1,5,2,Data Analyst
3,3,4,2,2,1,5,2,Data Analyst
2,4,5,1,3,2,4,2,Data Analyst
3,3,5,2,1,2,5,2,Data Analyst
2,2,5,2,2,1,5,2,Data Analyst
3,3,5,2,3,2,5,2,Data Analyst
3,3,5,1,1,3,4,2,Data Analyst
2,3,5,3,2,2,5,2,Data Analyst
3,3,5,3,2,3,5,3,Data Analyst
4,4,5,2,2,2,5,2,Data Analyst
4,3,5,3,3,2,4,2,Data Analyst
2,3,5,2,2,3,4,2,Data Analyst
3,4,5,2,2,2,5,2,Data Analyst
3,3,5,3,2,1,5,2,Data Analyst
3,2,5,1,2,2,5,4,Data Analyst
4,3,5,2,2,2,5,3,Data Analyst
3,3,5,1,3,1,5,2,Data Analyst
4,2,5,3,3,2,5,3,Data Analyst
4,4,5,2,1,3,5,3,Data Analyst
3,3,5,2,2,3,5,2,Data Analyst
3,2,5,1,2,3,5,2,Data Analyst
3,3,4,2,3,1,5,4,Data Analyst
3,3,5,3,2,1,5,3,Data Analyst
3,3,5,2,3,1,5,2,Data Analyst
2,4,5,2,2,2,5,2,Data Analyst
4,3,5,2,3,4,5,1,Data Analyst
4,3,5,2,2,2,5,2,Data Analyst
4,3,5,2,1,2,5,2,Data Analyst
3,3,4,2,3,2,4,2,Data Analyst
2,4,5,2,3,3,5,2,Data Analyst
3,3,5,1,1,2,5,3,Data Analyst
3,3,5,2,3,2,5,2,Data Analyst
4,3,5,2,2,2,5,2,Data Analyst
2,3,5,2,2,3,5,3,Data Analyst
3,3,5,2,1,4,5,2,Data Analyst
3,4,5,2,2,2,5,3,Data Analyst
3,2,5,2,2,2,5,2,Data Analyst
3,3,4,2,3,2,5,2,Data Analyst
3,3,5,2,2,2,5,2,Data Analyst
3,3,5,2,3,2,5,2,Data Analyst
4,3,5,2,1,1,4,2,Data Analyst
4,3,5,2,2,2,5,2,Data Analyst
2,3,5,2,3,2,4,2,Data Analyst
3,3,5,2,1,3,3,2,Data Analyst
3,3,5,2,2,1,5,1,Data Analyst
4,2,5,3,2,2,5,1,Data Analyst
3,4,5,2,3,1,5,2,Data Analyst
2,3,5,2,1,2,5,3,Data Analyst
3,4,5,2,2,3,5,2,Data Analyst
4,3,5,1,2,3,5,2,Data Analyst
3,3,4,1,1,3,5,1,Data Analyst
2,4,4,3,1,1,4,2,Data Analyst
3,4,5,2,2,3,4,2,Data Analyst
3,3,4,2,1,2,5,3,Data Analyst
3,3,4,2,3,1,5,1,Data Analyst
3,3,5,2,2,2,5,3,Data Analyst
3,3,5,2,2,1,5,2,Data Analyst
3,3,5,3,2,2,4,2,Data Analyst
2,3,5,2,3,2,5,3,Data Analyst
4,3,5,1,3,2,5,2,Data Analyst
3,3,4,3,2,1,5,2,Data Analyst
3,3,5,3,2,2,5,3,Data Analyst
3,3,5,1,2,3,5,3,Data Analyst
2,4,4,2,2,2,4,2,Data Analyst
3,4,5,1,2,3,5,2,Data Analyst
2,3,5,1,3,2,5,2,Data Analyst
3,4,4,2,2,3,5,3,Data Analyst
4,3,5,2,2,2,5,1,Data Analyst
3,3,4,1,1,1,5,3,Data Analyst
4,3,5,2,2,2,5,2,Data Analyst
4,3,5,3,3,2,5,1,Data Analyst
3,2,5,3,2,2,5,1,Data Analyst
3,3,4,2,2,2,5,2,Data Analyst
3,4,5,2,2,2,5,2,Data Analyst
2,3,5,1,1,3,5,2,Data Analyst
3,4,5,2,3,2,5,2,Data Analyst
4,3,5,2,2,2,5,2,Data Analyst
3,3,5,3,2,2,5,2,Data Analyst
2,3,5,2,2,2,4,2,Data Analyst
3,2,4,5,2,1,3,3,Data Scientist
4,1,4,4,2,2,3,2,Data Scientist
3,3,4,5,3,2,3,3,Data Scientist
4,2,5,5,4,2,4,3,Data Scientist
3,2,4,4,3,3,3,5,Data Scientist
3,2,4,4,3,1,3,3,Data Scientist
4,3,4,5,3,3,3,3,Data Scientist
3,2,4,5,3,2,4,3,Data Scientist
3,1,4,5,4,2,2,3,Data Scientist
4,3,4,5,3,1,3,4,Data Scientist
4,1,5,5,3,2,3,2,Data Scientist
4,2,4,4,3,2,3,3,Data Scientist
4,2,4,5,3,2,3,2,Data Scientist
5,1,4,5,3,1,4,2,Data Scientist
4,2,3,5,3,2,3,3,Data Scientist
5,2,4,5,3,2,3,2,Data Scientist
3,1,4,4,3,2,3,3,Data Scientist
4,2,5,5,2,1,2,3,Data Scientist
3,2,4,5,2,3,4,4,Data Scientist
4,1,3,4,3,2,4,3,Data Scientist
3,2,3,4,2,2,3,2,Data Scientist
4,3,3,5,3,1,3,4,Data Scientist
2,1,4,4,3,2,3,2,Data Scientist
4,2,4,5,3,3,2,3,Data Scientist
5,2,3,5,4,2,2,3,Data Scientist
4,2,4,5,4,2,3,2,Data Scientist
4,4,3,5,4,1,4,3,Data Scientist
4,4,4,5,3,2,3,3,Data Scientist
4,2,4,5,3,2,2,3,Data Scientist
4,2,4,4,2,2,3,3,Data Scientist
4,2,5,5,3,1,3,2,Data Scientist
4,2,4,5,3,2,4,2,Data Scientist
4,3,4,4,2,3,3,3,Data Scientist
4,1,3,5,3,1,3,3,Data Scientist
5,1,4,4,3,3,4,3,Data Scientist
4,2,3,5,2,1,2,4,Data Scientist
5,3,5,5,3,2,4,3,Data Scientist
4,2,5,4,3,2,3,4,Data Scientist
4,3,3,4,3,2,2,3,Data Scientist
4,4,4,5,3,2,4,3,Data Scientist
5,2,4,5,3,2,3,3,Data Scientist
4,3,4,5,4,2,3,4,Data Scientist
4,2,3,5,3,2,3,3,Data Scientist
4,2,4,5,4,1,3,3,Data Scientist
3,3,4,5,3,2,3,3,Data Scientist
4,3,4,5,3,3,3,3,Data Scientist
4,2,4,5,3,3,2,3,Data Scientist
5,2,3,5,4,1,2,3,Data Scientist
3,3,4,5,3,4,3,3,Data Scientist
4,1,3,5,4,3,3,3,Data Scientist
3,2,3,5,3,1,3,3,Data Scientist
3,2,3,5,3,1,3,2,Data Scientist
3,2,4,5,3,2,2,2,Data Scientist
4,2,3,5,2,1,2,2,Data Scientist
4,2,4,5,4,2,3,3,Data Scientist
3,2,4,5,3,2,4,2,Data Scientist
5,2,4,4,3,1,3,3,Data Scientist
5,1,5,5,3,2,2,3,Data Scientist
4,2,4,4,3,2,3,3,Data Scientist
3,2,4,5,2,3,4,2,Data Scientist
4,2,3,5,2,2,4,2,Data Scientist
4,2,4,5,4,2,2,3,Data Scientist
5,2,4,5,2,2,3,3,Data Scientist
5,2,3,4,3,2,3,3,Data Scientist
3,3,5,5,3,2,2,3,Data Scientist
4,1,5,4,3,2,3,3,Data Scientist
4,3,5,4,3,3,4,2,Data Scientist
4,2,4,5,2,2,3,3,Data Scientist
3,2,5,5,4,2,3,3,Data Scientist
5,2,5,5,3,2,2,3,Data Scientist
4,2,4,4,3,2,2,3,Data Scientist
4,3,4,5,3,3,2,3,Data Scientist
3,2,4,5,2,2,4,4,Data Scientist
4,2,5,5,3,1,3,2,Data Scientist
4,2,4,5,3,2,3,4,Data Scientist
3,2,3,5,3,2,2,3,Data Scientist
3,2,4,5,3,2,3,3,Data Scientist
5,2,5,5,4,1,3,3,Data Scientist
2,3,4,5,2,2,3,4,Data Scientist
4,2,4,5,2,3,3,3,Data Scientist
4,1,3,4,2,2,3,3,Data Scientist
4,1,4,5,3,3,4,3,Data Scientist
3,2,5,5,4,4,2,2,Data Scientist
4,2,3,4,3,2,3,3,Data Scientist
5,1,4,5,2,3,4,3,Data Scientist
3,2,4,5,3,3,3,3,Data Scientist
4,2,4,5,3,2,2,3,Data Scientist
4,2,4,5,2,2,2,4,Data Scientist
5,1,3,5,4,2,3,4,Data Scientist
3,3,3,4,3,2,2,3,Data Scientist
5,2,4,5,3,2,3,3,Data Scientist
4,1,3,5,3,2,3,3,Data Scientist
3,3,4,5,3,2,4,3,Data Scientist
5,3,4,5,2,2,2,2,Data Scientist
4,3,3,5,4,2,3,2,Data Scientist
5,1,3,4,3,2,4,2,Data Scientist
3,2,4,5,2,2,4,4,Data Scientist
4,2,4,5,3,1,3,3,Data Scientist
4,2,4,5,3,3,2,3,Data Scientist
4,2,3,5,3,2,2,3,Data Scientist
3,3,3,5,3,1,4,3,Data Scientist
4,2,3,5,4,3,3,3,Data Scientist
4,3,4,5,2,2,4,3,Data Scientist
4,1,4,5,3,1,3,4,Data Scientist
4,2,3,5,3,2,3,3,Data Scientist
3,2,3,5,3,1,3,3,Data Scientist
4,2,4,5,5,3,3,3,Data Scientist
3,2,4,5,3,3,3,3,Data Scientist
4,2,3,4,3,2,2,4,Data Scientist
4,1,4,5,3,1,3,4,Data Scientist
5,2,4,5,3,2,4,3,Data Scientist
3,1,4,5,3,1,4,2,Data Scientist
4,3,5,5,4,3,2,3,Data Scientist
5,2,4,4,3,1,3,3,Data Scientist
5,3,5,5,3,2,2,2,Data Scientist
4,2,5,5,3,2,3,3,Data Scientist
4,2,4,5,3,2,3,3,Data Scientist
3,1,4,5,2,2,3,2,Data Scientist
3,2,4,5,4,2,4,4,Data Scientist
4,2,4,5,3,1,4,3,Data Scientist
4,2,5,5,2,2,4,3,Data Scientist
4,2,4,5,3,2,3,3,Data Scientist
5,1,4,5,3,2,3,3,Data Scientist
4,2,3,5,4,1,3,3,Data Scientist
4,2,5,5,3,3,3,4,Data Scientist
4,2,4,5,3,2,4,2,Data Scientist
5,2,4,4,2,2,3,2,Data Scientist
4,2,3,5,2,1,3,2,Data Scientist
4,3,4,5,3,2,2,3,Data Scientist
5,3,4,5,2,2,3,3,Data Scientist
4,3,4,4,3,2,4,3,Data Scientist
4,1,5,4,3,2,3,3,Data Scientist
4,2,5,4,5,1,3,3,Data Scientist
4,2,3,4,3,2,3,2,Data Scientist
4,3,3,5,2,2,2,4,Data Scientist
5,3,4,5,2,3,3,3,Data Scientist
4,2,4,5,3,2,2,4,Data Scientist
3,2,4,4,3,2,4,3,Data Scientist
5,1,5,5,2,2,3,3,Data Scientist
4,2,4,5,2,2,3,3,Data Scientist
4,2,4,5,3,2,3,3,Data Scientist
4,2,3,5,2,3,3,2,Data Scientist
5,2,4,5,2,3,2,2,Data Scientist
4,2,4,5,2,2,3,3,Data Scientist
4,3,5,4,3,3,3,2,Data Scientist
5,1,4,4,4,2,3,3,Data Scientist
5,2,4,5,4,3,4,3,Data Scientist
5,1,4,5,3,2,2,3,Data Scientist
4,2,4,4,2,2,2,3,Data Scientist
3,2,3,5,3,3,4,2,Data Scientist
4,2,4,5,3,1,3,3,Data Scientist
5,2,4,5,3,3,2,4,Data Scientist
5,2,3,4,3,2,3,3,Data Scientist
4,3,4,5,3,2,3,3,Data Scientist
4,2,3,4,2,2,4,3,Data Scientist
3,2,5,4,4,1,3,2,Data Scientist
4,2,4,5,4,2,3,2,Data Scientist
4,3,5,5,4,1,3,4,Data Scientist
5,2,4,5,4,1,4,2,Data Scientist
4,2,3,4,3,2,3,3,Data Scientist
4,1,4,5,3,3,3,3,Data Scientist
5,2,4,5,3,2,4,2,Data Scientist
5,2,4,5,2,1,3,3,Data Scientist
5,3,4,5,3,1,3,3,Data Scientist
4,2,4,5,3,1,2,4,Data Scientist
4,3,4,4,3,2,4,3,Data Scientist
4,1,3,4,3,2,3,4,Data Scientist
4,3,5,5,3,2,3,3,Data Scientist
5,1,4,5,3,2,3,3,Data Scientist
5,2,4,5,3,2,3,5,Data Scientist
5,2,4,4,2,2,2,2,Data Scientist
5,3,4,5,3,3,2,3,Data Scientist
5,1,5,5,3,3,4,4,Data Scientist
4,3,4,4,4,3,3,2,Data Scientist
3,2,4,5,3,2,4,3,Data Scientist
4,1,4,5,3,2,3,4,Data Scientist
4,2,5,4,3,3,4,3,Data Scientist
4,3,4,5,3,3,3,3,Data Scientist
3,2,3,5,2,2,2,3,Data Scientist
4,1,5,4,3,2,3,3,Data Scientist
3,1,4,5,2,2,3,4,Data Scientist
4,3,4,5,2,2,3,4,Data Scientist
4,2,4,5,2,2,2,3,Data Scientist
4,2,5,5,3,2,3,4,Data Scientist
4,1,4,5,3,2,4,3,Data Scientist
5,2,5,5,3,2,2,4,Data Scientist
4,2,5,5,3,2,3,2,Data Scientist
4,2,3,5,3,2,3,3,Data Scientist
3,2,4,5,4,2,3,3,Data Scientist
5,2,4,5,5,2,4,4,Data Scientist
4,2,4,5,3,1,3,3,Data Scientist
4,2,4,4,4,1,3,3,Data Scientist
5,2,3,5,3,3,3,4,Data Scientist
5,2,4,5,3,2,3,3,Data Scientist
3,3,3,5,3,1,2,2,Data Scientist
4,2,4,4,2,2,2,4,Data Scientist
3,3,5,5,3,3,3,3,Data Scientist
3,2,2,5,3,3,2,3,Data Scientist
4,2,4,5,3,2,3,3,Data Scientist
5,1,4,5,2,3,3,3,Data Scientist
4,1,5,5,2,1,3,4,Data Scientist
5,2,4,4,2,1,3,3,Data Scientist
3,2,3,5,3,3,3,3,Data Scientist
4,3,3,5,3,2,3,2,Data Scientist
4,2,5,5,2,3,4,3,Data Scientist
5,3,4,4,3,1,3,1,Data Scientist
5,1,3,4,3,2,3,3,Data Scientist
4,2,5,5,4,2,3,3,Data Scientist
5,2,3,5,3,2,3,3,Data Scientist
4,1,4,4,3,1,3,3,Data Scientist
4,2,3,5,3,1,4,2,Data Scientist
5,2,5,5,3,1,3,3,Data Scientist
4,2,5,5,3,2,3,4,Data Scientist
4,2,3,5,4,2,4,4,Data Scientist
5,2,5,5,3,1,3,3,Data Scientist
5,1,5,5,3,3,2,4,Data Scientist
4,3,3,5,3,2,2,3,Data Scientist
5,3,5,5,3,3,3,3,Data Scientist
4,1,3,5,2,2,3,3,Data Scientist
5,2,3,5,2,2,3,3,Data Scientist
4,3,4,5,4,2,2,3,Data Scientist
4,2,5,5,3,2,3,2,Data Scientist
4,1,4,5,3,2,4,3,Data Scientist
4,1,3,5,2,2,3,3,Data Scientist
4,1,4,5,4,2,5,2,Data Scientist
5,3,5,5,3,2,3,3,Data Scientist
3,1,4,5,3,2,2,3,Data Scientist
4,2,5,4,2,2,2,4,Data Scientist
5,3,5,5,3,2,3,2,Data Scientist
4,2,3,5,4,4,4,2,Data Scientist
4,1,4,5,3,2,3,3,Data Scientist
3,3,4,5,2,3,3,3,Data Scientist
4,1,5,4,3,2,3,3,Data Scientist
4,3,5,5,3,2,3,3,Data Scientist
4,2,4,5,3,2,4,3,Data Scientist
5,3,5,4,4,3,3,3,Data Scientist
4,2,4,5,4,2,3,3,Data Scientist
4,3,3,4,2,1,4,4,Data Scientist
5,2,3,5,3,3,3,3,Data Scientist
4,2,4,5,3,3,3,2,Data Scientist
4,2,4,5,3,2,3,4,Data Scientist
4,2,4,5,3,2,2,2,Data Scientist
5,2,3,5,3,2,4,3,Data Scientist
3,3,4,5,3,2,3,3,Data Scientist
4,1,3,5,3,2,2,4,Data Scientist
4,2,4,5,2,2,3,4,Data Scientist
4,2,4,5,3,1,3,4,Data Scientist
4,1,3,5,3,3,4,2,Data Scientist
5,3,5,5,3,2,3,3,Data Scientist
3,2,4,5,2,2,3,4,Data Scientist
4,1,3,5,3,2,5,3,Data Scientist
4,2,4,5,3,2,3,3,Data Scientist
5,2,4,4,4,2,3,3,Data Scientist
4,3,4,5,2,2,3,4,Data Scientist
3,1,3,5,2,2,4,4,Data Scientist
5,2,5,5,2,2,3,4,Data Scientist
3,3,4,5,3,2,3,2,Data Scientist
4,3,5,5,3,1,4,3,Data Scientist
4,2,5,5,3,2,3,3,Data Scientist
4,2,4,5,2,3,3,4,Data Scientist
4,2,5,5,4,3,3,3,Data Scientist
4,3,5,4,4,1,4,3,Data Scientist
4,3,5,5,4,2,3,3,Data Scientist
4,3,2,5,3,1,3,3,Data Scientist
4,3,4,5,3,1,3,3,Data Scientist
4,3,4,5,3,2,3,3,Data Scientist
5,2,4,5,4,2,5,4,Data Scientist
4,2,5,4,3,1,3,3,Data Scientist
4,2,4,5,2,2,4,1,Data Scientist
4,2,3,5,2,3,4,2,Data Scientist
3,4,4,5,4,2,3,2,Data Scientist
4,2,4,5,4,1,3,3,Data Scientist
5,2,4,5,4,2,4,1,Data Scientist
3,2,5,5,3,2,2,3,Data Scientist
5,1,5,5,3,2,3,3,Data Scientist
3,2,4,5,4,1,2,2,Data Scientist
4,3,3,5,3,3,3,3,Data Scientist
4,1,4,4,3,3,4,3,Data Scientist
3,2,3,5,3,3,3,2,Data Scientist
3,2,3,5,2,2,4,3,Data Scientist
5,2,4,5,2,2,3,2,Data Scientist
4,2,4,5,3,1,3,2,Data Scientist
3,1,4,5,2,1,2,4,Data Scientist
4,2,4,5,3,1,3,2,Data Scientist
4,2,4,5,3,2,3,4,Data Scientist
3,3,4,5,3,2,4,4,Data Scientist
5,1,4,4,3,2,4,3,Data Scientist
4,3,4,5,2,1,3,3,Data Scientist
4,3,4,5,4,2,3,3,Data Scientist
3,2,4,5,3,2,4,3,Data Scientist
5,3,4,4,3,3,4,2,Data Scientist
3,1,4,5,4,2,3,2,Data Scientist
4,2,5,5,3,1,3,3,Data Scientist
5,2,5,5,2,2,3,3,Data Scientist
4,1,3,4,3,3,3,3,Data Scientist
2,3,4,5,2,2,3,3,Data Scientist
3,2,4,5,3,2,3,4,Data Scientist
3,2,5,4,5,2,2,3,Data Scientist
3,1,4,5,3,2,3,4,Data Scientist
4,1,5,5,3,3,2,4,Data Scientist
4,1,5,5,3,2,3,4,Data Scientist
4,2,5,5,3,3,3,2,Data Scientist
4,2,3,4,3,1,4,3,Data Scientist
4,2,4,5,3,3,3,3,Data Scientist
3,3,3,5,3,2,3,3,Data Scientist
4,2,4,4,2,1,4,3,Data Scientist
3,1,4,5,3,2,3,4,Data Scientist
4,2,3,5,4,2,3,2,Data Scientist
4,2,4,4,4,3,3,2,Data Scientist
4,2,4,5,2,3,3,3,Data Scientist
4,3,4,5,3,1,3,4,Data Scientist
4,2,3,5,2,2,3,3,Data Scientist
4,2,3,5,3,2,3,2,Data Scientist
4,2,4,4,3,2,3,3,Data Scientist
3,2,5,5,4,1,4,3,Data Scientist
3,2,4,4,3,2,2,2,Data Scientist
4,2,4,5,3,2,3,4,Data Scientist
4,1,4,5,3,3,3,4,Data Scientist
4,2,4,5,2,2,3,2,Data Scientist
4,2,4,5,3,2,3,4,Data Scientist
5,2,4,4,3,1,2,3,Data Scientist
4,2,4,5,3,1,3,3,Data Scientist
4,1,4,5,3,1,2,4,Data Scientist
4,1,3,5,3,2,3,2,Data Scientist
5,1,4,4,3,3,3,3,Data Scientist
3,3,4,5,3,3,3,2,Data Scientist
5,3,4,5,2,2,4,4,Data Scientist
4,2,3,5,4,3,3,4,Data Scientist
4,3,3,5,2,1,3,4,Data Scientist
4,2,5,5,3,2,2,4,Data Scientist
4,2,4,4,3,1,3,3,Data Scientist
3,3,4,5,3,2,3,3,Data Scientist
5,1,3,5,3,3,3,3,Data Scientist
5,1,4,5,4,3,4,2,Data Scientist
5,2,5,5,3,2,3,4,Data Scientist
5,2,3,5,2,2,3,3,Data Scientist
4,2,4,5,3,3,3,3,Data Scientist
4,2,4,5,3,2,3,4,Data Scientist
4,2,4,4,3,2,3,4,Data Scientist
4,2,4,4,3,2,3,3,Data Scientist
5,2,4,5,3,1,3,4,Data Scientist
4,2,4,5,4,1,2,3,Data Scientist
3,3,4,5,3,2,3,3,Data Scientist
4,2,3,4,3,1,3,4,Data Scientist
4,2,4,5,3,2,3,3,Data Scientist
3,2,4,5,4,2,3,2,Data Scientist
3,3,4,5,3,2,3,2,Data Scientist
4,2,4,5,3,3,3,3,Data Scientist
4,2,4,5,3,2,3,3,Data Scientist
4,2,5,4,4,2,2,4,Data Scientist
4,2,5,5,2,1,3,3,Data Scientist
3,3,5,5,2,2,3,2,Data Scientist
3,2,5,3,3,2,2,2,Data Scientist
4,2,4,5,4,2,3,4,Data Scientist
4,2,4,5,5,3,3,2,Data Scientist
4,2,4,5,3,2,3,4,Data Scientist
5,2,4,5,4,2,4,3,Data Scientist
4,2,5,5,2,3,4,4,Data Scientist
3,2,3,5,3,2,3,3,Data Scientist
4,2,5,5,3,2,4,3,Data Scientist
3,2,4,5,2,3,3,2,Data Scientist
5,2,4,4,3,1,3,3,Data Scientist
3,2,4,5,2,2,3,2,Data Scientist
5,3,5,5,3,2,4,4,Data Scientist
4,2,4,5,3,2,3,3,Data Scientist
4,2,3,5,3,2,2,4,Data Scientist
5,1,4,4,3,2,3,3,Data Scientist
5,2,4,5,4,2,2,3,Data Scientist
4,2,4,5,3,1,3,3,Data Scientist
4,1,3,4,4,1,3,3,Data Scientist
4,2,4,5,3,2,2,3,Data Scientist
4,2,3,5,2,1,3,3,Data Scientist
3,3,3,5,3,1,4,2,Data Scientist
5,1,5,5,3,3,3,4,Data Scientist
4,3,4,5,4,2,3,4,Data Scientist
4,2,5,5,4,2,3,3,Data Scientist
3,2,4,5,3,3,4,3,Data Scientist
4,2,5,5,4,2,3,3,Data Scientist
3,4,4,5,3,2,3,3,Data Scientist
5,2,4,5,3,2,3,4,Data Scientist
3,2,3,5,3,2,3,3,Data Scientist
5,1,3,5,2,2,4,2,Data Scientist
4,2,5,5,2,2,3,4,Data Scientist
4,2,3,5,3,3,3,3,Data Scientist
5,3,5,5,2,1,3,3,Data Scientist
5,1,2,2,5,5,1,4,DevOps Engineer
4,2,2,3,5,4,2,5,DevOps Engineer
5,1,2,3,5,4,2,4,DevOps Engineer
4,1,1,3,5,4,2,4,DevOps Engineer
3,1,2,3,5,4,3,5,DevOps Engineer
5,1,2,3,5,5,2,4,DevOps Engineer
5,2,3,2,4,4,2,3,DevOps Engineer
4,1,2,4,5,5,4,5,DevOps Engineer
3,1,2,3,5,4,2,4,DevOps Engineer
4,1,2,4,5,4,3,3,DevOps Engineer
3,2,1,3,5,4,2,4,DevOps Engineer
5,1,3,3,5,4,3,5,DevOps Engineer
5,1,2,2,5,5,2,5,DevOps Engineer
4,1,3,2,4,3,3,5,DevOps Engineer
4,2,1,2,5,4,3,4,DevOps Engineer
3,1,3,3,5,3,3,4,DevOps Engineer
4,1,1,3,5,4,3,4,DevOps Engineer
4,1,2,3,5,4,3,4,DevOps Engineer
4,1,2,3,4,5,2,4,DevOps Engineer
3,1,2,3,5,5,2,5,DevOps Engineer
4,2,2,2,3,4,2,5,DevOps Engineer
5,2,3,3,5,4,3,4,DevOps Engineer
4,2,1,4,5,3,2,5,DevOps Engineer
4,2,2,2,5,5,1,4,DevOps Engineer
5,1,1,2,5,3,2,3,DevOps Engineer
4,1,1,3,5,3,2,4,DevOps Engineer
3,1,2,3,5,3,2,4,DevOps Engineer
3,1,2,3,5,4,2,3,DevOps Engineer
4,1,2,2,4,4,1,5,DevOps Engineer
5,1,2,2,5,5,1,4,DevOps Engineer
5,1,3,2,5,4,2,5,DevOps Engineer
4,1,2,3,5,4,3,5,DevOps Engineer
4,1,3,2,5,5,2,4,DevOps Engineer
4,1,3,3,5,3,2,5,DevOps Engineer
4,1,2,3,4,4,3,5,DevOps Engineer
4,1,3,2,4,3,2,5,DevOps Engineer
4,1,2,3,5,4,2,4,DevOps Engineer
4,2,2,3,5,4,1,5,DevOps Engineer
4,1,2,3,4,5,2,4,DevOps Engineer
3,1,2,4,5,4,2,5,DevOps Engineer
3,1,2,3,4,4,2,4,DevOps Engineer
5,2,3,2,4,5,3,4,DevOps Engineer
3,1,2,3,5,4,1,4,DevOps Engineer
5,1,3,3,5,3,2,4,DevOps Engineer
4,1,2,3,4,3,2,3,DevOps Engineer
4,2,4,3,5,4,2,4,DevOps Engineer
3,1,2,3,5,3,1,5,DevOps Engineer
4,1,3,4,4,5,1,3,DevOps Engineer
4,1,3,3,5,5,2,5,DevOps Engineer
5,1,2,3,5,4,1,3,DevOps Engineer
5,1,2,2,5,3,2,3,DevOps Engineer
4,1,1,3,5,4,3,4,DevOps Engineer
4,1,2,3,5,3,3,3,DevOps Engineer
5,2,2,3,5,3,2,4,DevOps Engineer
4,1,3,4,5,4,3,5,DevOps Engineer
3,1,2,2,5,4,3,4,DevOps Engineer
3,2,2,4,5,5,2,4,DevOps Engineer
5,2,1,4,5,4,2,4,DevOps Engineer
4,1,2,2,5,3,2,4,DevOps Engineer
3,1,3,1,5,4,2,4,DevOps Engineer
4,1,1,3,5,4,2,4,DevOps Engineer
3,1,1,4,5,3,2,4,DevOps Engineer
4,1,3,2,5,3,3,4,DevOps Engineer
4,1,3,2,5,5,2,4,DevOps Engineer
3,1,2,3,5,3,1,4,DevOps Engineer
4,1,3,4,5,4,2,5,DevOps Engineer
4,1,2,2,5,4,3,4,DevOps Engineer
3,2,2,2,4,4,2,5,DevOps Engineer
5,1,1,3,5,4,2,4,DevOps Engineer
4,1,2,4,4,3,2,4,DevOps Engineer
4,2,1,5,4,3,1,4,DevOps Engineer
3,1,2,4,5,5,2,4,DevOps Engineer
4,1,1,3,5,2,2,3,DevOps Engineer
4,2,1,3,5,4,2,5,DevOps Engineer
4,1,1,3,4,4,2,4,DevOps Engineer
5,1,1,3,4,4,2,3,DevOps Engineer
4,2,1,2,4,4,3,4,DevOps Engineer
5,1,2,2,5,4,2,4,DevOps Engineer
5,1,1,3,5,3,1,4,DevOps Engineer
3,2,2,3,5,5,2,5,DevOps Engineer
4,1,2,3,4,4,2,4,DevOps Engineer
3,1,2,3,5,4,2,4,DevOps Engineer
4,1,3,2,5,4,3,4,DevOps Engineer
3,1,2,3,5,4,2,3,DevOps Engineer
4,1,3,2,4,4,2,4,DevOps Engineer
4,1,2,2,5,3,2,5,DevOps Engineer
4,1,2,2,5,4,2,5,DevOps Engineer
4,1,3,3,5,5,2,3,DevOps Engineer
3,1,2,3,5,4,2,4,DevOps Engineer
4,2,2,3,4,4,2,4,DevOps Engineer
4,1,1,4,5,4,2,3,DevOps Engineer
4,1,3,2,5,4,1,4,DevOps Engineer
4,3,1,2,5,5,2,4,DevOps Engineer
5,1,2,2,4,3,2,4,DevOps Engineer
5,1,2,3,5,4,2,4,DevOps Engineer
4,2,3,2,5,4,2,4,DevOps Engineer
4,2,2,3,4,4,2,4,DevOps Engineer
4,2,1,4,5,4,2,3,DevOps Engineer
3,1,2,4,5,4,3,3,DevOps Engineer
3,2,3,4,5,5,2,4,DevOps Engineer
3,1,2,2,5,4,2,4,DevOps Engineer
4,1,2,4,4,5,2,5,DevOps Engineer
4,1,2,3,5,4,3,3,DevOps Engineer
4,2,2,3,5,4,1,3,DevOps Engineer
5,1,2,3,5,3,2,3,DevOps Engineer
4,1,2,3,5,4,3,4,DevOps Engineer
5,2,2,3,5,4,2,4,DevOps Engineer
4,1,2,3,4,5,3,4,DevOps Engineer
3,1,3,3,5,3,3,4,DevOps Engineer
4,2,3,3,4,3,1,3,DevOps Engineer
4,1,2,4,4,4,2,5,DevOps Engineer
5,2,2,2,5,5,2,3,DevOps Engineer
4,1,1,3,5,5,1,3,DevOps Engineer
3,1,2,3,5,4,2,4,DevOps Engineer
4,1,2,3,5,4,3,5,DevOps Engineer
4,1,2,3,5,4,2,5,DevOps Engineer
4,1,2,2,5,3,2,4,DevOps Engineer
2,1,1,2,4,4,2,3,DevOps Engineer
5,1,1,3,5,4,2,3,DevOps Engineer
4,1,2,3,4,4,1,4,DevOps Engineer
3,1,2,3,5,3,2,4,DevOps Engineer
4,1,2,2,5,4,2,3,DevOps Engineer
5,1,2,4,5,4,2,4,DevOps Engineer
5,1,2,3,5,4,3,4,DevOps Engineer
5,1,1,4,5,4,2,4,DevOps Engineer
5,1,2,3,5,4,2,5,DevOps Engineer
5,1,2,3,5,4,2,4,DevOps Engineer
4,2,4,4,4,4,2,4,DevOps Engineer
3,1,2,3,5,3,2,4,DevOps Engineer
4,1,2,2,5,4,2,4,DevOps Engineer
4,2,2,3,5,4,2,3,DevOps Engineer
4,1,2,4,4,3,2,4,DevOps Engineer
4,1,1,4,5,3,1,4,DevOps Engineer
4,1,2,2,4,4,2,4,DevOps Engineer
4,1,2,3,4,4,2,4,DevOps Engineer
4,1,2,2,5,4,3,4,DevOps Engineer
3,1,2,3,5,4,1,5,DevOps Engineer
5,2,2,2,5,4,3,4,DevOps Engineer
4,1,2,3,4,4,2,4,DevOps Engineer
3,2,2,1,4,4,4,4,DevOps Engineer
4,2,2,3,5,4,2,4,DevOps Engineer
5,1,2,3,5,3,1,4,DevOps Engineer
4,1,2,3,5,4,2,4,DevOps Engineer
5,1,3,3,5,4,2,4,DevOps Engineer
5,1,2,3,5,4,2,5,DevOps Engineer
5,1,2,3,5,4,3,4,DevOps Engineer
4,1,1,3,5,4,2,3,DevOps Engineer
3,2,2,3,5,3,1,4,DevOps Engineer
3,1,3,4,4,4,3,4,DevOps Engineer
3,1,2,3,5,3,2,4,DevOps Engineer
4,2,2,2,5,3,1,4,DevOps Engineer
4,1,1,3,5,4,3,4,DevOps Engineer
4,2,3,4,5,4,1,4,DevOps Engineer
3,1,2,2,5,4,3,4,DevOps Engineer
5,1,1,3,5,4,2,4,DevOps Engineer
3,1,2,4,5,3,3,5,DevOps Engineer
4,1,2,4,5,3,2,4,DevOps Engineer
4,2,2,3,5,5,2,4,DevOps Engineer
4,1,3,4,5,5,2,4,DevOps Engineer
5,1,2,3,4,4,2,4,DevOps Engineer
4,1,2,2,5,4,2,4,DevOps Engineer
3,1,2,3,5,4,2,4,DevOps Engineer
3,1,2,4,5,5,3,4,DevOps Engineer
4,1,3,2,5,4,1,4,DevOps Engineer
3,1,2,2,5,4,1,4,DevOps Engineer
5,2,2,3,5,3,1,5,DevOps Engineer
3,1,3,3,5,4,2,4,DevOps Engineer
5,1,1,2,4,3,2,3,DevOps Engineer
4,1,1,3,5,3,2,4,DevOps Engineer
4,1,2,3,5,5,2,4,DevOps Engineer
5,1,1,4,5,4,2,4,DevOps Engineer
4,1,2,4,5,5,2,4,DevOps Engineer
4,1,2,3,4,4,2,4,DevOps Engineer
5,1,2,2,5,4,2,3,DevOps Engineer
5,1,2,2,5,4,2,4,DevOps Engineer
5,1,2,3,5,4,2,4,DevOps Engineer
3,1,2,3,4,4,1,4,DevOps Engineer
3,1,3,2,5,4,2,5,DevOps Engineer
3,2,2,3,5,4,2,3,DevOps Engineer
5,1,1,3,5,4,2,4,DevOps Engineer
3,1,2,4,5,5,2,5,DevOps Engineer
4,2,1,4,5,3,1,4,DevOps Engineer
3,1,2,4,5,4,1,4,DevOps Engineer
4,2,2,3,4,3,2,3,DevOps Engineer
4,1,2,3,5,4,3,4,DevOps Engineer
4,1,2,3,5,4,2,3,DevOps Engineer
3,2,2,3,5,3,2,4,DevOps Engineer
4,1,2,3,4,4,2,4,DevOps Engineer
3,2,2,4,5,4,3,4,DevOps Engineer
3,1,1,2,5,3,3,3,DevOps Engineer
3,1,2,4,5,4,1,5,DevOps Engineer
4,1,2,3,4,4,2,4,DevOps Engineer
4,1,1,3,5,4,2,2,DevOps Engineer
4,1,2,3,5,4,3,4,DevOps Engineer
3,1,3,3,5,4,2,4,DevOps Engineer
4,1,2,2,4,5,2,3,DevOps Engineer
4,1,1,4,4,5,2,4,DevOps Engineer
4,1,3,2,5,5,3,4,DevOps Engineer
4,1,2,3,5,4,3,3,DevOps Engineer
3,2,3,3,5,4,2,4,DevOps Engineer
4,1,1,2,5,4,2,3,DevOps Engineer
5,1,2,4,4,5,2,3,DevOps Engineer
5,1,2,4,5,3,2,4,DevOps Engineer
4,1,2,3,5,5,2,4,DevOps Engineer
3,1,3,3,5,3,3,4,DevOps Engineer
3,1,1,2,5,4,2,3,DevOps Engineer
4,1,3,3,4,3,1,4,DevOps Engineer
3,1,3,3,5,3,1,3,DevOps Engineer
4,2,2,2,5,4,2,5,DevOps Engineer
4,1,2,3,5,4,2,3,DevOps Engineer
4,1,2,4,5,5,3,4,DevOps Engineer
5,1,2,3,5,3,2,5,DevOps Engineer
3,1,2,3,5,4,2,4,DevOps Engineer
3,1,2,3,5,4,2,3,DevOps Engineer
5,1,1,3,5,5,1,4,DevOps Engineer
4,2,1,3,5,4,3,5,DevOps Engineer
4,1,2,3,5,5,2,4,DevOps Engineer
4,1,2,2,4,4,3,4,DevOps Engineer
5,1,2,3,5,4,1,4,DevOps Engineer
3,1,3,4,5,5,2,4,DevOps Engineer
4,1,2,3,5,4,1,5,DevOps Engineer
4,1,2,4,5,4,3,4,DevOps Engineer
5,1,3,3,5,4,2,3,DevOps Engineer
3,1,2,4,4,3,2,5,DevOps Engineer
5,1,1,3,5,4,2,4,DevOps Engineer
4,1,2,2,4,4,2,5,DevOps Engineer
4,1,1,3,5,3,2,4,DevOps Engineer
4,1,2,3,5,4,1,5,DevOps Engineer
3,1,2,3,5,5,3,4,DevOps Engineer
4,1,1,3,5,5,2,5,DevOps Engineer
4,1,1,3,5,4,2,4,DevOps Engineer
4,1,2,3,5,5,1,4,DevOps Engineer
4,2,2,3,5,5,2,4,DevOps Engineer
4,1,3,4,5,3,3,5,DevOps Engineer
5,1,2,3,5,5,2,4,DevOps Engineer
4,2,1,3,5,4,3,3,DevOps Engineer
3,2,3,3,5,4,2,4,DevOps Engineer
5,1,3,3,5,4,1,4,DevOps Engineer
4,2,2,2,5,4,3,5,DevOps Engineer
4,1,1,2,4,4,2,4,DevOps Engineer
4,1,2,3,5,4,2,3,DevOps Engineer
4,1,2,2,5,4,2,4,DevOps Engineer
4,1,2,5,4,5,1,5,DevOps Engineer
3,1,2,3,5,3,2,3,DevOps Engineer
4,1,2,3,4,4,1,4,DevOps Engineer
4,1,2,3,5,3,2,3,DevOps Engineer
4,1,2,3,5,4,1,3,DevOps Engineer
4,2,2,3,5,4,2,4,DevOps Engineer
4,1,2,3,4,4,1,4,DevOps Engineer
5,1,3,2,5,4,1,4,DevOps Engineer
4,1,2,3,5,4,2,3,DevOps Engineer
4,1,2,4,5,3,3,4,DevOps Engineer
4,1,2,2,5,4,2,4,DevOps Engineer
4,1,2,3,4,4,2,3,DevOps Engineer
4,2,1,3,5,4,2,4,DevOps Engineer
4,1,1,3,4,3,4,4,DevOps Engineer
5,2,2,3,5,3,2,4,DevOps Engineer
4,1,1,3,5,5,2,4,DevOps Engineer
4,1,1,4,5,4,1,4,DevOps Engineer
4,1,2,3,5,5,1,4,DevOps Engineer
4,1,2,3,5,3,2,4,DevOps Engineer
4,1,1,4,5,4,3,5,DevOps Engineer
3,1,2,3,4,4,2,5,DevOps Engineer
5,2,2,3,5,3,2,4,DevOps Engineer
5,1,2,3,5,4,2,4,DevOps Engineer
3,2,1,2,5,5,2,3,DevOps Engineer
4,1,3,3,5,3,1,5,DevOps Engineer
4,1,2,3,5,3,2,4,DevOps Engineer
4,1,3,3,5,4,2,4,DevOps Engineer
4,1,3,3,5,4,3,4,DevOps Engineer
4,1,3,3,5,4,2,4,DevOps Engineer
4,1,2,3,5,5,1,3,DevOps Engineer
4,2,2,2,4,5,3,4,DevOps Engineer
5,1,2,3,4,4,2,4,DevOps Engineer
4,1,1,3,5,4,2,5,DevOps Engineer
4,1,4,2,5,4,1,4,DevOps Engineer
4,2,1,2,5,3,2,3,DevOps Engineer
4,1,3,4,5,4,3,4,DevOps Engineer
4,1,3,2,5,4,2,4,DevOps Engineer
4,3,2,3,5,5,3,5,DevOps Engineer
3,2,2,4,5,5,2,4,DevOps Engineer
5,2,1,3,4,5,2,3,DevOps Engineer
4,1,1,2,5,4,2,4,DevOps Engineer
4,2,2,3,5,5,2,4,DevOps Engineer
4,2,2,3,5,4,2,5,DevOps Engineer
4,2,2,3,5,4,2,4,DevOps Engineer
4,1,2,3,4,4,3,4,DevOps Engineer
4,1,2,2,5,5,2,5,DevOps Engineer
3,1,1,3,5,4,3,5,DevOps Engineer
4,1,4,3,5,5,2,4,DevOps Engineer
3,1,2,4,5,4,2,5,DevOps Engineer
3,1,3,3,5,4,2,5,DevOps Engineer
5,1,2,3,4,4,1,4,DevOps Engineer
3,1,2,4,5,4,2,4,DevOps Engineer
5,1,1,3,5,5,2,5,DevOps Engineer
4,1,2,3,5,4,2,4,DevOps Engineer
4,1,2,3,5,4,2,4,DevOps Engineer
4,1,2,3,5,5,2,3,DevOps Engineer
4,1,1,4,5,4,3,5,DevOps Engineer
5,1,4,2,5,4,2,4,DevOps Engineer
4,1,2,3,5,4,2,5,DevOps Engineer
2,1,3,2,5,3,2,4,DevOps Engineer
4,1,2,3,5,5,2,4,DevOps Engineer
3,1,1,3,4,3,1,4,DevOps Engineer
4,2,3,4,4,4,2,5,DevOps Engineer
5,2,1,3,5,4,2,4,DevOps Engineer
4,1,1,3,5,3,2,4,DevOps Engineer
4,1,2,3,5,3,2,4,DevOps Engineer
5,1,3,4,5,3,3,4,DevOps Engineer
4,1,2,3,5,4,2,5,DevOps Engineer
4,1,2,3,5,4,2,5,DevOps Engineer
4,2,1,2,5,5,1,5,DevOps Engineer
4,1,3,3,5,5,2,4,DevOps Engineer
5,1,1,2,5,4,2,5,DevOps Engineer
5,2,1,3,5,4,1,4,DevOps Engineer
4,1,2,2,5,5,2,3,DevOps Engineer
3,1,2,3,5,4,3,4,DevOps Engineer
4,2,2,4,5,4,2,5,DevOps Engineer
4,2,2,3,5,5,2,5,DevOps Engineer
3,1,2,3,4,4,1,3,DevOps Engineer
4,1,3,2,5,3,3,4,DevOps Engineer
4,1,2,4,5,4,2,4,DevOps Engineer
5,2,2,2,5,4,2,3,DevOps Engineer
4,1,2,2,5,4,2,4,DevOps Engineer
5,1,2,3,4,5,2,3,DevOps Engineer
4,1,2,3,5,4,2,5,DevOps Engineer
3,2,3,3,4,4,2,4,DevOps Engineer
4,1,2,3,5,4,3,5,DevOps Engineer
4,1,2,3,5,4,3,5,DevOps Engineer
3,1,1,3,5,4,1,5,DevOps Engineer
4,1,1,4,5,4,2,4,DevOps Engineer
4,1,1,3,5,5,2,4,DevOps Engineer
4,1,1,3,4,3,2,3,DevOps Engineer
4,2,3,3,5,4,2,5,DevOps Engineer
3,1,2,3,5,5,2,4,DevOps Engineer
3,1,2,3,5,4,3,5,DevOps Engineer
4,1,1,3,5,4,2,3,DevOps Engineer
4,1,3,3,3,3,3,3,DevOps Engineer
4,1,3,1,5,5,2,4,DevOps Engineer
5,1,2,3,4,4,2,4,DevOps Engineer
5,1,2,2,4,4,3,4,DevOps Engineer
4,2,2,3,5,4,2,3,DevOps Engineer
5,2,1,3,5,4,3,4,DevOps Engineer
4,1,3,4,5,5,2,4,DevOps Engineer
4,1,2,3,5,3,2,4,DevOps Engineer
4,1,2,3,5,4,2,3,DevOps Engineer
5,1,2,2,5,4,1,4,DevOps Engineer
5,1,3,3,4,4,3,3,DevOps Engineer
3,1,1,2,5,4,2,3,DevOps Engineer
4,1,2,3,5,4,2,4,DevOps Engineer
4,1,2,3,5,4,2,5,DevOps Engineer
3,1,3,3,4,4,1,4,DevOps Engineer
3,2,2,4,5,4,2,5,DevOps Engineer
3,1,3,4,5,3,2,3,DevOps Engineer
4,1,2,3,4,5,2,3,DevOps Engineer
4,2,2,4,4,4,2,3,DevOps Engineer
4,1,2,3,4,4,3,4,DevOps Engineer
4,1,2,3,5,5,2,4,DevOps Engineer
4,1,2,3,5,4,2,4,DevOps Engineer
4,1,2,4,5,4,1,4,DevOps Engineer
3,1,3,2,5,4,2,4,DevOps Engineer
3,1,1,3,5,4,2,3,DevOps Engineer
3,1,2,3,5,4,3,2,DevOps Engineer
3,1,2,3,5,4,2,4,DevOps Engineer
4,1,2,3,5,4,2,4,DevOps Engineer
4,1,2,3,5,5,1,5,DevOps Engineer
4,1,1,3,5,5,3,3,DevOps Engineer
5,1,2,3,4,3,2,3,DevOps Engineer
3,1,2,4,5,3,2,4,DevOps Engineer
5,2,2,3,5,4,1,4,DevOps Engineer
3,1,1,2,5,5,3,4,DevOps Engineer
4,2,3,3,5,4,2,4,DevOps Engineer
5,1,2,3,5,4,2,3,DevOps Engineer
3,1,2,3,5,5,2,4,DevOps Engineer
4,1,1,1,5,4,3,5,DevOps Engineer
5,1,3,4,5,4,3,4,DevOps Engineer
5,1,2,3,5,5,3,4,DevOps Engineer
5,1,1,4,4,4,2,4,DevOps Engineer
3,2,2,3,5,4,2,4,DevOps Engineer
4,1,1,3,4,4,2,4,DevOps Engineer
3,1,2,3,4,5,2,5,DevOps Engineer
4,1,3,4,5,5,2,4,DevOps Engineer
4,1,2,4,4,4,3,4,DevOps Engineer
4,2,1,4,4,3,3,3,DevOps Engineer
3,1,3,3,5,4,3,5,DevOps Engineer
5,5,3,2,3,2,4,5,Mobile App Developer
5,4,2,2,2,2,4,4,Mobile App Developer
5,4,3,2,3,2,3,4,Mobile App Developer
5,4,3,2,3,2,3,4,Mobile App Developer
5,5,4,3,3,1,3,4,Mobile App Developer
5,4,3,2,3,2,3,3,Mobile App Developer
5,4,2,2,2,2,3,3,Mobile App Developer
5,4,3,1,3,2,3,4,Mobile App Developer
5,4,3,2,3,2,4,5,Mobile App Developer
5,4,3,2,3,1,3,4,Mobile App Developer
4,5,3,2,4,3,2,5,Mobile App Developer
5,4,3,2,4,3,3,5,Mobile App Developer
4,4,3,2,3,2,3,4,Mobile App Developer
5,2,3,2,3,2,2,4,Mobile App Developer
5,4,3,2,4,2,3,3,Mobile App Developer
4,4,3,4,2,2,3,4,Mobile App Developer
5,4,3,2,3,2,5,4,Mobile App Developer
5,4,3,3,3,2,2,4,Mobile App Developer
5,4,4,2,3,2,2,5,Mobile App Developer
5,3,3,1,2,2,3,5,Mobile App Developer
5,4,3,2,3,2,3,4,Mobile App Developer
4,4,3,2,4,3,3,3,Mobile App Developer
5,4,4,2,3,2,4,4,Mobile App Developer
5,4,3,3,3,2,2,3,Mobile App Developer
4,3,3,3,2,2,3,3,Mobile App Developer
5,3,4,1,4,2,3,4,Mobile App Developer
4,4,2,2,2,3,4,4,Mobile App Developer
4,3,3,2,3,2,3,3,Mobile App Developer
5,3,2,1,3,2,4,4,Mobile App Developer
5,4,3,2,3,2,4,4,Mobile App Developer
5,4,4,1,4,2,3,4,Mobile App Developer
5,4,3,2,4,1,3,3,Mobile App Developer
4,3,3,2,3,3,4,4,Mobile App Developer
5,4,3,1,4,3,3,4,Mobile App Developer
4,5,3,2,4,2,3,4,Mobile App Developer
5,4,3,2,3,3,5,5,Mobile App Developer
5,3,3,2,3,2,3,4,Mobile App Developer
5,5,2,2,2,2,2,5,Mobile App Developer
4,3,3,2,3,1,4,5,Mobile App Developer
5,4,2,2,3,2,2,4,Mobile App Developer
4,4,3,2,3,4,2,3,Mobile App Developer
5,4,4,2,4,3,3,5,Mobile App Developer
5,4,4,2,4,2,4,4,Mobile App Developer
5,3,3,1,3,2,2,4,Mobile App Developer
5,5,3,3,3,2,3,4,Mobile App Developer
5,4,3,2,3,2,3,4,Mobile App Developer
4,3,3,1,3,1,3,4,Mobile App Developer
4,4,3,2,3,2,2,4,Mobile App Developer
5,4,2,2,3,1,4,5,Mobile App Developer
5,5,4,1,3,3,4,5,Mobile App Developer
5,4,3,2,2,2,3,4,Mobile App Developer
5,3,3,2,2,2,3,5,Mobile App Developer
5,4,3,2,4,1,3,4,Mobile App Developer
4,4,3,2,4,3,3,4,Mobile App Developer
5,4,4,2,3,1,2,4,Mobile App Developer
5,4,3,4,3,2,4,4,Mobile App Developer
5,4,2,3,4,2,2,3,Mobile App Developer
5,5,3,3,2,3,3,4,Mobile App Developer
5,2,2,2,3,2,2,3,Mobile App Developer
5,4,3,2,4,3,3,4,Mobile App Developer
4,5,3,1,4,2,3,4,Mobile App Developer
5,4,3,1,4,3,2,4,Mobile App Developer
5,5,2,1,2,2,3,4,Mobile App Developer
5,3,3,2,4,2,3,4,Mobile App Developer
5,5,4,3,3,3,3,3,Mobile App Developer
5,4,3,2,3,1,3,3,Mobile App Developer
5,5,4,2,3,2,2,4,Mobile App Developer
5,5,4,2,2,1,3,3,Mobile App Developer
5,3,2,2,3,2,3,4,Mobile App Developer
5,4,2,2,3,2,4,4,Mobile App Developer
5,4,2,3,3,2,3,3,Mobile App Developer
5,4,4,2,4,2,3,4,Mobile App Developer
4,4,3,2,2,2,3,3,Mobile App Developer
4,3,3,1,3,2,4,4,Mobile App Developer
5,4,3,3,3,2,2,4,Mobile App Developer
5,4,3,2,4,2,2,3,Mobile App Developer
4,4,2,2,2,2,3,4,Mobile App Developer
5,5,2,2,3,1,2,2,Mobile App Developer
5,4,4,1,4,1,3,5,Mobile App Developer
5,4,3,2,2,1,3,5,Mobile App Developer
5,3,3,1,4,1,2,3,Mobile App Developer
5,3,4,1,3,2,4,3,Mobile App Developer
5,4,2,2,3,1,3,4,Mobile App Developer
5,2,4,2,2,2,3,5,Mobile App Developer
5,3,1,2,3,1,4,5,Mobile App Developer
5,5,3,2,3,2,3,5,Mobile App Developer
5,5,3,2,3,2,4,5,Mobile App Developer
5,5,3,3,4,1,3,5,Mobile App Developer
5,4,2,2,2,1,4,4,Mobile App Developer
5,5,4,2,3,3,4,4,Mobile App Developer
5,5,3,2,3,2,3,3,Mobile App Developer
3,3,4,2,4,3,2,4,Mobile App Developer
5,3,2,2,3,2,3,4,Mobile App Developer
5,4,2,3,3,2,4,4,Mobile App Developer
5,3,3,1,3,1,3,4,Mobile App Developer
5,5,4,3,4,2,3,3,Mobile App Developer
5,5,5,1,3,2,3,4,Mobile App Developer
5,4,3,2,3,2,4,5,Mobile App Developer
5,4,3,2,3,1,4,4,Mobile App Developer
4,4,2,1,3,2,3,5,Mobile App Developer
4,4,3,2,3,2,4,4,Mobile App Developer
5,4,4,2,3,2,3,4,Mobile App Developer
5,4,3,3,3,2,2,3,Mobile App Developer
5,5,4,2,3,3,2,5,Mobile App Developer
4,4,3,2,3,2,3,4,Mobile App Developer
4,3,3,2,4,2,3,3,Mobile App Developer
5,4,3,2,4,2,3,3,Mobile App Developer
5,4,3,3,3,1,3,5,Mobile App Developer
5,4,4,2,3,2,4,4,Mobile App Developer
4,5,3,1,3,3,3,4,Mobile App Developer
5,3,3,2,3,3,2,4,Mobile App Developer
4,5,3,2,3,1,3,5,Mobile App Developer
5,4,3,1,4,2,4,4,Mobile App Developer
5,3,3,2,3,2,4,5,Mobile App Developer
5,4,3,2,3,2,3,4,Mobile App Developer
5,5,3,2,3,2,4,4,Mobile App Developer
4,4,3,2,3,1,4,3,Mobile App Developer
5,4,4,2,3,3,3,3,Mobile App Developer
5,4,3,2,3,1,3,4,Mobile App Developer
5,2,4,2,3,1,3,3,Mobile App Developer
5,4,3,2,4,3,3,3,Mobile App Developer
5,4,3,2,3,2,4,5,Mobile App Developer
3,4,3,3,3,3,2,4,Mobile App Developer
5,3,3,1,3,3,3,4,Mobile App Developer
5,4,3,2,3,2,3,4,Mobile App Developer
5,3,4,3,3,2,2,4,Mobile App Developer
5,4,2,2,3,3,3,4,Mobile App Developer
5,5,2,2,2,2,3,3,Mobile App Developer
5,4,2,2,3,2,4,4,Mobile App Developer
5,4,4,3,3,3,3,4,Mobile App Developer
4,4,3,1,3,3,3,5,Mobile App Developer
5,3,2,3,4,3,3,5,Mobile App Developer
5,4,3,2,1,3,3,4,Mobile App Developer
4,5,3,2,4,2,3,5,Mobile App Developer
4,4,3,1,3,2,2,4,Mobile App Developer
4,3,3,2,2,1,2,3,Mobile App Developer
4,5,4,3,5,2,3,4,Mobile App Developer
5,4,3,2,3,1,3,4,Mobile App Developer
5,3,3,2,4,2,3,4,Mobile App Developer
4,4,3,2,3,2,3,4,Mobile App Developer
5,4,5,2,3,2,4,3,Mobile App Developer
5,3,4,2,3,2,3,4,Mobile App Developer
5,5,3,2,4,1,4,3,Mobile App Developer
4,5,3,2,2,1,2,4,Mobile App Developer
5,5,3,2,3,2,3,4,Mobile App Developer
4,5,1,2,3,2,3,4,Mobile App Developer
5,4,3,3,3,2,3,4,Mobile App Developer
4,5,3,2,3,3,2,4,Mobile App Developer
5,4,3,2,4,1,3,4,Mobile App Developer
5,4,3,2,4,2,3,4,Mobile App Developer
4,4,3,2,2,1,3,4,Mobile App Developer
5,3,3,2,2,2,4,4,Mobile App Developer
5,4,2,1,3,2,4,4,Mobile App Developer
4,4,2,2,3,2,4,4,Mobile App Developer
5,4,4,3,3,1,3,4,Mobile App Developer
4,4,3,2,4,1,4,5,Mobile App Developer
5,4,3,2,3,2,2,3,Mobile App Developer
5,4,4,1,3,2,4,4,Mobile App Developer
5,4,4,3,4,2,3,4,Mobile App Developer
5,3,5,2,2,2,2,3,Mobile App Developer
5,4,3,2,2,1,2,4,Mobile App Developer
4,4,2,2,4,3,4,3,Mobile App Developer
5,5,3,2,2,2,3,4,Mobile App Developer
5,4,2,2,2,2,2,5,Mobile App Developer
4,4,3,1,3,2,5,4,Mobile App Developer
4,4,3,2,4,3,2,3,Mobile App Developer
5,5,3,1,2,3,3,4,Mobile App Developer
5,4,3,1,4,3,4,5,Mobile App Developer
5,4,4,2,2,3,3,4,Mobile App Developer
5,4,3,2,4,3,4,5,Mobile App Developer
5,4,3,1,2,2,3,3,Mobile App Developer
4,4,3,2,3,2,3,3,Mobile App Developer
4,5,2,2,3,1,3,4,Mobile App Developer
5,4,3,2,3,2,3,3,Mobile App Developer
4,4,3,2,3,3,3,5,Mobile App Developer
5,3,3,2,3,3,3,4,Mobile App Developer
5,4,4,3,4,3,2,4,Mobile App Developer
5,5,2,2,3,2,2,4,Mobile App Developer
5,4,3,2,4,2,2,4,Mobile App Developer
5,4,3,1,3,2,4,4,Mobile App Developer
5,4,3,3,3,1,3,4,Mobile App Developer
5,5,4,3,3,2,3,4,Mobile App Developer
5,4,3,2,2,2,4,5,Mobile App Developer
5,3,3,2,3,2,3,4,Mobile App Developer
5,4,3,4,4,1,3,4,Mobile App Developer
5,4,4,2,3,1,3,5,Mobile App Developer
5,4,4,2,3,2,2,4,Mobile App Developer
5,5,3,2,4,1,3,4,Mobile App Developer
5,4,3,2,2,1,4,5,Mobile App Developer
5,3,2,3,3,2,3,4,Mobile App Developer
5,4,3,2,3,2,4,5,Mobile App Developer
5,4,3,3,3,2,3,5,Mobile App Developer
4,5,2,2,3,3,3,4,Mobile App Developer
5,4,2,2,3,2,4,3,Mobile App Developer
4,4,3,1,2,2,5,5,Mobile App Developer
4,4,3,2,3,1,3,4,Mobile App Developer
4,3,3,2,3,2,2,4,Mobile App Developer
5,4,4,2,2,1,3,3,Mobile App Developer
5,4,3,2,4,2,4,4,Mobile App Developer
5,4,3,3,2,1,3,3,Mobile App Developer
5,4,3,1,2,2,2,5,Mobile App Developer
5,4,3,2,3,2,3,4,Mobile App Developer
5,3,2,2,2,3,3,4,Mobile App Developer
5,3,2,2,3,2,3,3,Mobile App Developer
5,5,5,2,3,2,3,3,Mobile App Developer
5,5,3,1,3,2,3,5,Mobile App Developer
5,4,3,2,3,2,3,4,Mobile App Developer
4,5,3,1,3,2,2,4,Mobile App Developer
5,4,4,1,4,1,3,4,Mobile App Developer
4,4,3,2,2,2,3,4,Mobile App Developer
5,4,3,3,3,1,4,4,Mobile App Developer
4,4,2,3,3,1,3,4,Mobile App Developer
5,4,4,2,3,3,3,4,Mobile App Developer
5,4,3,2,4,2,2,4,Mobile App Developer
5,4,3,2,2,3,3,3,Mobile App Developer
4,4,3,2,1,2,3,5,Mobile App Developer
5,3,3,2,2,2,3,3,Mobile App Developer
5,5,3,2,3,1,3,3,Mobile App Developer
5,4,4,3,3,2,3,4,Mobile App Developer
4,5,2,2,4,3,3,4,Mobile App Developer
5,4,3,3,3,2,3,4,Mobile App Developer
5,3,3,2,4,2,3,4,Mobile App Developer
5,4,3,2,3,2,2,5,Mobile App Developer
5,4,4,3,3,3,3,4,Mobile App Developer
5,5,3,2,3,2,3,5,Mobile App Developer
5,4,3,1,2,2,4,5,Mobile App Developer
5,5,3,2,3,2,2,4,Mobile App Developer
5,4,4,2,3,1,3,4,Mobile App Developer
5,4,3,2,3,1,3,3,Mobile App Developer
5,5,3,2,3,2,4,3,Mobile App Developer
5,5,3,2,2,3,3,4,Mobile App Developer
4,4,2,3,2,2,3,4,Mobile App Developer
5,4,4,3,2,2,3,4,Mobile App Developer
4,4,2,2,3,3,3,4,Mobile App Developer
5,4,3,2,2,2,3,3,Mobile App Developer
5,4,3,2,3,3,3,4,Mobile App Developer
4,4,3,2,4,1,3,4,Mobile App Developer
5,4,4,2,2,2,2,4,Mobile App Developer
5,4,4,2,4,2,4,4,Mobile App Developer
5,4,3,2,4,2,4,2,Mobile App Developer
5,3,4,2,3,2,4,4,Mobile App Developer
5,3,5,2,3,2,2,4,Mobile App Developer
5,5,3,2,3,2,3,4,Mobile App Developer
5,4,2,2,2,3,2,4,Mobile App Developer
5,4,3,2,2,3,3,4,Mobile App Developer
4,5,3,1,4,2,3,5,Mobile App Developer
4,3,2,1,4,2,4,4,Mobile App Developer
5,4,2,2,2,1,2,5,Mobile App Developer
5,4,2,1,4,3,3,3,Mobile App Developer
5,4,4,2,3,3,4,3,Mobile App Developer
5,5,3,2,2,1,3,3,Mobile App Developer
5,4,4,2,4,1,4,5,Mobile App Developer
4,4,3,1,4,1,4,4,Mobile App Developer
5,4,2,1,4,2,3,3,Mobile App Developer
5,5,3,3,3,3,4,5,Mobile App Developer
5,5,3,3,2,1,4,4,Mobile App Developer
4,5,3,3,3,3,2,4,Mobile App Developer
5,4,4,2,3,2,3,5,Mobile App Developer
5,4,2,2,2,2,3,4,Mobile App Developer
4,4,4,2,3,2,4,4,Mobile App Developer
5,3,3,2,2,2,3,5,Mobile App Developer
5,4,3,2,2,2,3,5,Mobile App Developer
5,3,2,2,3,1,2,4,Mobile App Developer
5,4,3,2,3,2,3,3,Mobile App Developer
5,5,3,1,2,2,3,4,Mobile App Developer
5,3,4,2,3,2,4,4,Mobile App Developer
4,4,4,2,4,2,3,4,Mobile App Developer
5,3,2,2,3,2,3,4,Mobile App Developer
5,4,3,2,3,2,3,4,Mobile App Developer
5,4,3,2,3,1,3,3,Mobile App Developer
5,4,3,2,3,2,4,4,Mobile App Developer
5,4,4,2,2,1,4,5,Mobile App Developer
5,5,3,2,3,2,3,4,Mobile App Developer
5,5,3,2,3,2,4,3,Mobile App Developer
4,4,4,3,3,3,4,4,Mobile App Developer
5,4,4,3,4,3,2,3,Mobile App Developer
5,4,3,2,2,1,2,3,Mobile App Developer
5,2,3,2,4,2,2,4,Mobile App Developer
5,3,3,2,2,4,3,4,Mobile App Developer
4,2,1,1,2,2,2,5,Mobile App Developer
5,4,3,1,3,2,4,4,Mobile App Developer
5,3,2,3,3,1,3,4,Mobile App Developer
5,4,3,2,2,2,3,4,Mobile App Developer
5,4,3,2,3,2,3,5,Mobile App Developer
5,5,3,3,3,3,4,4,Mobile App Developer
5,3,3,2,3,3,2,3,Mobile App Developer
5,5,3,2,3,1,3,3,Mobile App Developer
5,4,2,3,2,2,5,4,Mobile App Developer
5,5,3,1,4,2,3,4,Mobile App Developer
5,4,3,1,4,2,4,4,Mobile App Developer
5,3,3,2,3,1,2,4,Mobile App Developer
5,4,4,2,4,1,3,4,Mobile App Developer
4,3,3,2,4,2,3,4,Mobile App Developer
5,5,4,2,4,2,3,5,Mobile App Developer
5,3,3,1,3,3,3,4,Mobile App Developer
5,4,3,2,2,2,3,4,Mobile App Developer
5,5,4,3,2,2,2,5,Mobile App Developer
5,4,4,2,4,2,4,3,Mobile App Developer
4,4,3,2,4,2,3,4,Mobile App Developer
5,3,3,1,3,3,4,4,Mobile App Developer
4,4,2,1,4,2,3,4,Mobile App Developer
5,4,4,1,2,2,3,5,Mobile App Developer
5,4,2,2,3,2,3,3,Mobile App Developer
5,5,2,2,3,2,2,4,Mobile App Developer
4,4,3,2,3,2,3,4,Mobile App Developer
5,4,3,2,3,2,3,3,Mobile App Developer
5,4,2,1,3,2,3,3,Mobile App Developer
5,4,3,3,2,1,3,5,Mobile App Developer
5,4,4,2,3,2,2,5,Mobile App Developer
4,5,3,2,3,2,3,3,Mobile App Developer
5,4,4,2,2,2,4,3,Mobile App Developer
5,4,3,2,4,2,3,3,Mobile App Developer
5,4,3,1,3,2,3,4,Mobile App Developer
5,4,3,3,2,2,2,3,Mobile App Developer
4,4,3,2,4,3,4,5,Mobile App Developer
5,4,3,2,3,2,4,4,Mobile App Developer
5,3,3,1,4,2,3,4,Mobile App Developer
4,4,4,2,2,2,3,4,Mobile App Developer
5,5,2,2,2,2,4,4,Mobile App Developer
5,4,3,2,3,2,2,4,Mobile App Developer
5,3,3,1,4,2,2,4,Mobile App Developer
5,5,3,2,3,2,5,5,Mobile App Developer
5,4,3,2,3,2,3,4,Mobile App Developer
5,4,2,2,3,1,3,4,Mobile App Developer
5,4,3,2,3,2,3,4,Mobile App Developer
5,3,4,2,3,2,2,3,Mobile App Developer
5,5,2,2,3,2,3,3,Mobile App Developer
4,4,3,2,4,2,2,4,Mobile App Developer
5,3,3,3,3,1,3,4,Mobile App Developer
4,4,4,2,3,2,4,4,Mobile App Developer
5,5,3,2,3,2,4,4,Mobile App Developer
5,4,1,2,3,2,4,3,Mobile App Developer
4,3,3,2,3,2,4,3,Mobile App Developer
5,5,3,2,3,1,2,3,Mobile App Developer
5,2,3,2,4,2,2,5,Mobile App Developer
5,5,3,2,3,2,3,4,Mobile App Developer
5,4,3,3,4,2,2,4,Mobile App Developer
5,4,4,2,4,2,3,4,Mobile App Developer
5,4,3,3,2,3,2,4,Mobile App Developer
5,4,3,2,4,2,3,4,Mobile App Developer
5,4,3,3,3,2,3,4,Mobile App Developer
5,5,2,2,2,2,2,3,Mobile App Developer
5,4,3,3,3,2,3,4,Mobile App Developer
3,5,3,2,3,2,3,4,Mobile App Developer
5,4,3,2,3,3,3,5,Mobile App Developer
5,4,3,2,3,1,3,4,Mobile App Developer
5,4,3,3,3,2,2,4,Mobile App Developer
5,5,3,3,3,2,2,3,Mobile App Developer
5,4,2,2,3,2,3,4,Mobile App Developer
5,5,4,2,3,1,3,5,Mobile App Developer
5,5,3,1,3,2,3,4,Mobile App Developer
5,4,3,2,2,2,2,5,Mobile App Developer
5,5,3,2,4,3,4,4,Mobile App Developer
4,5,3,2,3,1,3,4,Mobile App Developer
5,4,3,3,3,2,3,5,Mobile App Developer
5,4,3,1,2,2,4,4,Mobile App Developer
5,5,3,2,4,2,4,5,Mobile App Developer
5,4,3,1,3,2,3,4,Mobile App Developer
5,4,4,2,3,1,3,5,Mobile App Developer
4,4,3,2,2,1,3,4,Mobile App Developer
5,4,3,2,2,3,2,5,Mobile App Developer
5,3,3,2,3,2,4,5,Mobile App Developer
4,4,3,2,2,2,3,4,Mobile App Developer
5,4,3,2,4,2,2,3,Mobile App Developer
5,4,3,1,4,2,4,4,Mobile App Developer
4,3,4,1,4,2,3,4,Mobile App Developer
5,4,4,2,3,1,3,5,Mobile App Developer
5,4,3,2,3,1,4,5,Mobile App Developer
4,4,4,2,3,1,3,3,Mobile App Developer
5,5,3,3,4,3,4,4,Mobile App Developer
5,4,3,1,3,3,3,4,Mobile App Developer
5,4,3,1,3,2,3,4,Mobile App Developer
4,4,1,2,2,2,3,5,Mobile App Developer
5,4,2,2,3,3,3,4,Mobile App Developer
5,4,3,2,4,2,3,5,Mobile App Developer
5,3,2,2,4,3,2,4,Mobile App Developer
4,3,3,2,4,2,3,4,Mobile App Developer
5,3,3,1,3,1,3,4,Mobile App Developer
5,4,3,3,1,3,2,4,Mobile App Developer
5,3,3,2,2,2,2,4,Mobile App Developer
5,5,3,2,3,2,3,5,Mobile App Developer
5,4,3,1,2,2,4,4,Mobile App Developer
4,4,2,2,3,3,3,5,Mobile App Developer
5,3,3,2,3,1,4,4,Mobile App Developer
5,5,4,2,3,2,4,4,Mobile App Developer
2,3,3,1,1,1,5,1,Non-Tech
1,1,1,1,2,1,5,2,Non-Tech
1,2,3,1,1,1,5,1,Non-Tech
2,3,1,1,1,1,5,1,Non-Tech
1,2,2,1,1,1,5,1,Non-Tech
2,3,1,1,1,1,5,1,Non-Tech
1,2,2,1,2,2,5,1,Non-Tech
1,2,2,1,1,1,5,1,Non-Tech
1,2,2,1,1,2,4,1,Non-Tech
1,3,2,2,1,2,5,1,Non-Tech
1,2,2,1,2,1,5,2,Non-Tech
1,3,1,2,2,1,5,1,Non-Tech
1,1,3,1,1,1,5,1,Non-Tech
1,3,3,2,2,1,5,1,Non-Tech
1,2,2,1,1,1,5,1,Non-Tech
1,3,1,2,1,1,5,1,Non-Tech
1,1,2,1,1,1,5,1,Non-Tech
1,2,3,1,1,1,5,2,Non-Tech
1,2,3,1,1,1,5,1,Non-Tech
1,2,3,1,1,1,5,1,Non-Tech
1,2,2,1,1,1,5,1,Non-Tech
1,2,2,2,1,1,5,1,Non-Tech
1,2,2,1,1,1,4,2,Non-Tech
1,2,2,1,1,1,5,2,Non-Tech
2,2,2,1,1,1,5,1,Non-Tech
2,2,1,2,1,1,5,1,Non-Tech
1,2,2,1,2,1,5,1,Non-Tech
1,2,2,1,2,1,5,1,Non-Tech
2,2,2,1,1,1,4,1,Non-Tech
2,1,2,2,1,1,5,1,Non-Tech
1,2,1,1,1,1,4,1,Non-Tech
1,2,2,1,1,2,5,1,Non-Tech
1,1,2,1,2,1,4,1,Non-Tech
1,3,2,1,1,2,5,1,Non-Tech
1,2,1,1,1,1,5,1,Non-Tech
1,2,2,2,1,1,5,1,Non-Tech
1,2,2,1,1,1,5,1,Non-Tech
1,3,2,1,1,1,5,1,Non-Tech
1,2,3,1,1,2,5,1,Non-Tech
1,2,2,1,1,2,5,1,Non-Tech
2,3,2,1,1,1,5,2,Non-Tech
2,2,3,1,1,2,5,2,Non-Tech
2,2,2,1,1,1,4,1,Non-Tech
1,2,2,1,1,1,5,2,Non-Tech
1,3,1,1,2,2,5,1,Non-Tech
1,2,1,1,1,1,4,1,Non-Tech
1,2,2,1,1,2,5,2,Non-Tech
1,3,2,1,1,2,5,1,Non-Tech
1,2,2,1,1,1,4,1,Non-Tech
1,3,1,1,1,2,5,1,Non-Tech
1,3,3,1,1,1,5,1,Non-Tech
1,2,2,2,1,1,4,1,Non-Tech
1,2,2,1,1,2,4,2,Non-Tech
1,2,2,2,1,1,4,2,Non-Tech
1,2,3,2,1,1,4,1,Non-Tech
1,1,2,1,2,1,5,1,Non-Tech
1,3,2,1,1,1,5,1,Non-Tech
1,1,2,1,1,2,5,1,Non-Tech
1,2,3,1,1,1,4,1,Non-Tech
1,2,2,1,1,1,5,1,Non-Tech
1,2,3,1,1,1,5,1,Non-Tech
1,2,2,1,1,1,5,1,Non-Tech
1,2,2,1,1,1,5,1,Non-Tech
2,2,2,1,1,1,5,1,Non-Tech
2,3,1,1,1,2,5,2,Non-Tech
1,2,2,1,1,2,5,1,Non-Tech
1,2,2,1,2,1,4,2,Non-Tech
1,2,3,2,1,1,4,1,Non-Tech
1,3,2,1,1,2,4,1,Non-Tech
1,1,2,1,1,2,5,1,Non-Tech
1,3,1,1,1,1,5,1,Non-Tech
1,2,3,1,2,1,4,1,Non-Tech
1,2,2,1,1,2,3,2,Non-Tech
1,1,2,1,1,1,4,1,Non-Tech
1,2,2,1,1,1,5,2,Non-Tech
1,2,2,1,1,1,5,1,Non-Tech
1,2,3,1,1,1,5,1,Non-Tech
1,3,3,2,2,1,5,1,Non-Tech
1,1,2,1,1,1,5,1,Non-Tech
2,2,1,1,2,1,5,1,Non-Tech
1,1,2,1,1,1,5,2,Non-Tech
2,2,2,1,1,1,5,1,Non-Tech
1,2,1,1,2,2,5,1,Non-Tech
1,2,1,1,1,1,4,2,Non-Tech
1,1,3,1,1,1,5,1,Non-Tech
1,3,2,1,1,1,5,1,Non-Tech
1,3,2,2,1,2,5,1,Non-Tech
1,2,2,1,1,1,5,1,Non-Tech
1,3,3,1,2,2,5,1,Non-Tech
1,2,3,1,2,1,5,1,Non-Tech
2,2,2,2,1,1,5,1,Non-Tech
1,1,2,1,1,1,4,2,Non-Tech
1,2,2,1,1,2,5,1,Non-Tech
1,2,2,1,1,1,5,1,Non-Tech
1,2,1,1,1,1,5,1,Non-Tech
1,1,2,2,1,1,5,3,Non-Tech
1,2,1,1,1,1,5,1,Non-Tech
1,2,2,2,1,1,5,1,Non-Tech
1,1,2,1,1,1,4,1,Non-Tech
1,2,2,1,1,1,5,1,Non-Tech
2,3,2,1,1,1,5,1,Non-Tech
1,2,2,2,1,1,5,2,Non-Tech
1,2,2,1,1,1,5,1,Non-Tech
1,3,3,2,1,1,5,1,Non-Tech
1,2,3,2,1,1,5,2,Non-Tech
1,2,2,1,1,2,4,1,Non-Tech
1,3,3,1,1,1,5,1,Non-Tech
2,2,2,1,2,1,5,1,Non-Tech
1,2,1,2,1,1,5,1,Non-Tech
2,1,2,1,1,3,5,1,Non-Tech
1,2,3,2,1,1,4,1,Non-Tech
2,2,2,2,1,1,5,2,Non-Tech
1,2,3,1,1,2,5,1,Non-Tech
1,1,3,1,1,1,5,2,Non-Tech
3,3,2,1,1,1,5,1,Non-Tech
1,2,2,1,1,1,5,1,Non-Tech
2,2,2,1,1,1,4,2,Non-Tech
1,3,2,1,1,1,5,1,Non-Tech
1,2,3,2,1,1,4,1,Non-Tech
1,2,2,1,1,2,5,1,Non-Tech
3,1,2,1,1,3,5,1,Non-Tech
1,3,2,2,1,2,5,2,Non-Tech
1,2,2,1,2,1,5,1,Non-Tech
1,2,2,1,1,1,5,1,Non-Tech
1,2,2,1,1,1,5,1,Non-Tech
1,3,3,1,1,1,5,1,Non-Tech
2,2,1,1,2,1,4,1,Non-Tech
1,2,2,2,1,1,5,1,Non-Tech
1,2,2,1,1,2,4,1,Non-Tech
1,3,2,1,2,1,5,1,Non-Tech
1,3,2,2,1,1,5,2,Non-Tech
1,2,2,1,1,1,5,1,Non-Tech
1,2,2,1,2,2,5,1,Non-Tech
1,2,2,1,2,1,5,1,Non-Tech
3,1,2,1,1,1,5,1,Non-Tech
2,2,3,2,1,1,5,1,Non-Tech
1,3,2,2,1,2,5,1,Non-Tech
1,2,3,1,1,2,4,2,Non-Tech
2,2,2,1,2,1,5,1,Non-Tech
1,2,3,1,2,1,5,2,Non-Tech
1,2,1,1,1,1,4,1,Non-Tech
1,2,2,1,2,1,5,1,Non-Tech
1,2,1,1,2,1,5,1,Non-Tech
1,3,2,1,2,1,5,1,Non-Tech
1,2,2,1,1,1,5,1,Non-Tech
1,3,2,2,1,1,5,1,Non-Tech
1,2,3,2,1,2,5,1,Non-Tech
2,2,2,2,1,1,5,2,Non-Tech
1,3,2,1,2,1,5,1,Non-Tech
1,2,1,1,1,2,5,1,Non-Tech
1,2,3,2,1,1,5,1,Non-Tech
1,2,2,1,1,1,5,1,Non-Tech
2,3,2,2,1,1,5,2,Non-Tech
1,1,3,1,1,1,5,1,Non-Tech
1,2,1,1,2,1,4,1,Non-Tech
1,2,2,1,1,1,5,2,Non-Tech
1,2,2,1,1,1,5,1,Non-Tech
1,2,1,1,1,1,5,1,Non-Tech
2,1,2,2,1,1,5,1,Non-Tech
1,2,2,1,1,1,5,1,Non-Tech
1,1,3,1,1,1,5,1,Non-Tech
1,3,2,1,1,1,5,1,Non-Tech
1,3,3,1,1,2,5,1,Non-Tech
1,2,1,1,1,1,5,3,Non-Tech
1,2,1,1,1,1,5,2,Non-Tech
1,3,2,1,1,1,4,2,Non-Tech
1,3,1,1,1,1,5,1,Non-Tech
1,2,2,1,2,1,5,1,Non-Tech
1,1,2,2,1,1,5,1,Non-Tech
1,3,3,1,1,1,5,1,Non-Tech
1,2,2,1,1,2,4,1,Non-Tech
1,2,2,2,1,1,5,1,Non-Tech
1,2,4,2,1,1,5,1,Non-Tech
1,1,2,1,1,1,4,1,Non-Tech
1,3,3,1,1,1,5,2,Non-Tech
1,2,1,1,1,1,4,1,Non-Tech
1,2,1,1,1,1,5,1,Non-Tech
2,2,2,2,1,2,5,2,Non-Tech
1,2,2,1,1,1,4,1,Non-Tech
1,2,1,1,1,1,4,1,Non-Tech
1,2,2,1,1,1,5,1,Non-Tech
1,1,1,1,1,2,5,1,Non-Tech
2,2,1,2,1,1,5,2,Non-Tech
1,1,2,1,1,1,5,2,Non-Tech
1,1,2,1,1,1,5,2,Non-Tech
1,3,2,1,2,2,5,1,Non-Tech
1,2,2,1,1,1,4,1,Non-Tech
1,2,1,1,1,1,4,1,Non-Tech
1,2,2,1,1,1,4,1,Non-Tech
1,3,2,2,2,2,5,2,Non-Tech
1,2,2,1,1,1,4,1,Non-Tech
1,1,2,1,2,1,4,1,Non-Tech
2,3,2,2,3,1,4,1,Non-Tech
1,2,1,1,1,1,5,1,Non-Tech
1,2,1,1,1,1,5,1,Non-Tech
2,2,1,2,1,2,4,1,Non-Tech
1,2,2,2,1,2,4,2,Non-Tech
1,2,2,1,1,1,5,2,Non-Tech
1,2,3,1,2,1,4,2,Non-Tech
1,2,2,1,1,1,5,2,Non-Tech
1,2,2,2,1,1,5,1,Non-Tech
2,2,1,2,1,1,5,1,Non-Tech
2,1,3,1,1,1,5,1,Non-Tech
1,2,2,2,1,1,5,1,Non-Tech
2,2,3,1,1,1,5,2,Non-Tech
1,2,2,1,1,3,5,1,Non-Tech
1,2,3,1,1,1,5,1,Non-Tech
1,3,2,1,1,1,5,1,Non-Tech
2,3,1,1,1,1,4,1,Non-Tech
2,2,1,1,1,1,5,1,Non-Tech
2,2,3,1,1,1,5,1,Non-Tech
1,3,2,1,1,2,5,1,Non-Tech
2,2,2,1,1,1,5,1,Non-Tech
1,2,2,2,1,1,5,1,Non-Tech
1,1,2,2,1,1,5,1,Non-Tech
2,3,1,1,1,1,4,2,Non-Tech
1,2,2,1,2,2,5,2,Non-Tech
1,2,3,2,1,1,5,1,Non-Tech
1,2,2,1,2,1,5,3,Non-Tech
1,3,1,2,2,2,4,1,Non-Tech
2,2,2,1,1,1,5,1,Non-Tech
1,1,2,1,2,1,4,1,Non-Tech
1,2,3,2,1,1,4,1,Non-Tech
1,3,2,1,1,2,5,2,Non-Tech
1,2,2,1,2,1,5,1,Non-Tech
1,3,1,1,1,1,4,2,Non-Tech
1,2,1,1,1,1,5,1,Non-Tech
1,1,3,1,2,1,5,1,Non-Tech
2,2,2,1,1,1,5,1,Non-Tech
1,2,3,1,1,2,5,1,Non-Tech
2,2,2,1,1,2,5,2,Non-Tech
1,1,1,1,1,1,5,1,Non-Tech
1,1,3,1,1,1,4,1,Non-Tech
1,2,2,1,1,1,5,1,Non-Tech
1,2,2,1,1,1,4,1,Non-Tech
2,3,1,2,1,1,4,2,Non-Tech
2,1,1,1,1,1,4,1,Non-Tech
1,1,1,2,2,1,5,1,Non-Tech
1,2,3,2,1,1,4,1,Non-Tech
1,2,2,1,1,1,5,1,Non-Tech
2,2,1,2,1,1,5,1,Non-Tech
1,3,2,2,1,1,5,1,Non-Tech
1,1,2,1,1,1,4,1,Non-Tech
1,1,2,1,1,1,5,1,Non-Tech
2,2,2,1,1,1,5,1,Non-Tech
1,2,2,2,1,1,4,1,Non-Tech
1,1,1,1,1,1,5,1,Non-Tech
1,2,3,1,1,1,5,1,Non-Tech
2,2,3,1,2,2,5,2,Non-Tech
1,3,3,1,2,1,5,1,Non-Tech
1,2,3,1,1,1,5,2,Non-Tech
1,1,3,1,1,1,5,2,Non-Tech
1,2,3,1,1,1,5,1,Non-Tech
1,2,1,1,1,1,5,1,Non-Tech
1,3,2,1,1,2,4,2,Non-Tech
1,2,2,1,1,1,5,1,Non-Tech
1,1,2,1,1,1,5,1,Non-Tech
1,2,3,1,1,1,5,1,Non-Tech
2,2,2,1,2,1,5,1,Non-Tech
1,2,3,1,1,1,5,1,Non-Tech
1,1,3,1,1,2,5,1,Non-Tech
1,2,1,2,1,1,5,1,Non-Tech
1,1,2,1,2,1,5,1,Non-Tech
1,2,2,1,1,1,5,1,Non-Tech
1,1,2,1,1,1,5,1,Non-Tech
1,3,2,1,2,1,5,1,Non-Tech
2,2,3,2,1,1,5,1,Non-Tech
1,2,1,2,1,1,5,1,Non-Tech
2,1,3,1,2,1,5,1,Non-Tech
1,2,1,1,1,1,4,1,Non-Tech
1,2,2,1,1,2,5,1,Non-Tech
2,1,2,1,2,1,5,1,Non-Tech
1,1,1,1,2,1,5,1,Non-Tech
1,2,2,2,1,1,4,1,Non-Tech
2,1,1,2,2,1,5,1,Non-Tech
2,3,2,1,1,2,5,1,Non-Tech
1,1,2,1,1,2,5,1,Non-Tech
1,1,2,3,1,1,5,1,Non-Tech
1,1,1,2,1,2,5,2,Non-Tech
3,2,2,2,1,1,5,1,Non-Tech
1,3,3,1,1,1,5,1,Non-Tech
1,2,2,1,1,1,5,2,Non-Tech
2,2,2,1,1,1,5,1,Non-Tech
1,2,2,1,1,1,4,1,Non-Tech
1,2,3,1,1,1,5,1,Non-Tech
1,2,3,1,1,2,5,1,Non-Tech
1,2,3,1,1,2,5,1,Non-Tech
1,1,2,1,1,2,5,1,Non-Tech
1,2,1,2,1,1,3,1,Non-Tech
2,2,2,1,2,2,5,2,Non-Tech
1,3,3,1,1,1,5,1,Non-Tech
1,2,2,2,1,1,5,1,Non-Tech
1,2,2,1,1,1,5,2,Non-Tech
1,3,2,1,1,2,4,1,Non-Tech
1,1,2,1,1,1,5,1,Non-Tech
2,1,1,1,2,1,5,2,Non-Tech
1,2,3,1,1,2,5,1,Non-Tech
1,1,2,1,2,1,5,1,Non-Tech
1,3,1,2,2,1,4,1,Non-Tech
2,1,3,1,1,2,5,1,Non-Tech
1,2,2,2,1,1,5,1,Non-Tech
1,2,3,1,1,1,5,1,Non-Tech
2,3,3,1,1,1,4,1,Non-Tech
1,1,1,1,1,1,5,1,Non-Tech
1,2,2,1,1,1,5,1,Non-Tech
1,1,2,1,2,1,5,1,Non-Tech
1,2,1,1,1,1,5,1,Non-Tech
1,3,2,1,1,2,4,2,Non-Tech
1,1,3,1,1,1,5,2,Non-Tech
1,1,2,2,2,1,5,1,Non-Tech
2,2,2,1,1,1,5,1,Non-Tech
2,2,2,1,1,2,5,2,Non-Tech
1,2,2,1,1,1,5,1,Non-Tech
1,1,3,1,1,1,5,1,Non-Tech
2,2,2,1,2,1,4,1,Non-Tech
1,3,2,1,1,1,5,2,Non-Tech
2,3,2,1,1,1,5,2,Non-Tech
1,2,2,1,2,1,4,1,Non-Tech
2,2,2,1,1,1,5,2,Non-Tech
1,2,2,2,1,1,5,1,Non-Tech
1,3,3,1,1,1,5,1,Non-Tech
1,2,2,2,1,2,5,1,Non-Tech
1,2,2,1,1,1,5,1,Non-Tech
1,1,3,1,1,1,5,2,Non-Tech
1,3,2,1,1,1,5,1,Non-Tech
1,1,2,1,1,2,5,1,Non-Tech
1,2,2,1,2,1,5,1,Non-Tech
1,2,2,2,1,1,5,3,Non-Tech
2,2,3,1,1,1,5,2,Non-Tech
1,2,3,1,1,1,5,1,Non-Tech
1,2,2,1,1,1,5,2,Non-Tech
2,2,2,1,1,1,4,1,Non-Tech
2,1,2,1,1,1,5,1,Non-Tech
1,2,3,1,1,1,4,1,Non-Tech
1,2,2,1,1,1,5,1,Non-Tech
1,2,2,1,1,1,5,1,Non-Tech
1,2,2,2,1,1,5,1,Non-Tech
1,2,2,1,1,1,4,2,Non-Tech
2,1,3,1,1,1,5,2,Non-Tech
1,3,1,1,1,2,5,2,Non-Tech
1,1,2,1,1,1,5,1,Non-Tech
1,2,2,1,1,1,4,1,Non-Tech
2,1,2,2,1,1,5,1,Non-Tech
2,1,1,1,1,1,5,1,Non-Tech
2,2,3,1,1,1,4,1,Non-Tech
1,2,1,1,2,2,4,1,Non-Tech
1,3,2,1,1,1,5,1,Non-Tech
1,2,2,1,1,2,5,2,Non-Tech
1,2,2,1,1,1,5,1,Non-Tech
1,3,2,2,1,1,4,1,Non-Tech
1,1,2,2,2,1,5,1,Non-Tech
1,2,2,1,2,1,5,1,Non-Tech
1,3,2,1,1,1,5,2,Non-Tech
1,3,2,1,1,2,4,1,Non-Tech
2,2,2,1,1,1,5,1,Non-Tech
1,3,3,1,1,2,5,1,Non-Tech
1,3,2,1,1,1,5,1,Non-Tech
2,2,2,1,1,1,4,1,Non-Tech
1,2,3,1,1,2,4,1,Non-Tech
1,2,3,1,2,1,5,2,Non-Tech
2,2,2,1,2,1,5,1,Non-Tech
1,1,1,1,1,2,4,1,Non-Tech
1,2,2,1,1,1,5,1,Non-Tech
2,2,2,1,1,1,4,1,Non-Tech
1,3,3,2,1,2,5,1,Non-Tech
1,2,2,1,1,1,5,1,Non-Tech
1,3,2,2,1,1,5,1,Non-Tech
1,2,2,1,1,1,5,1,Non-Tech
1,2,2,1,1,1,4,1,Non-Tech
1,4,2,1,1,1,5,1,Non-Tech
1,2,1,1,1,1,4,2,Non-Tech
2,3,1,1,1,1,5,1,Non-Tech
1,2,2,1,1,1,4,2,Non-Tech
1,4,2,1,1,2,5,1,Non-Tech
1,2,2,1,1,1,5,2,Non-Tech
1,2,2,1,2,1,5,1,Non-Tech
1,1,2,3,1,1,5,1,Non-Tech
2,2,2,1,1,1,5,1,Non-Tech
1,2,3,2,1,2,5,2,Non-Tech
1,2,3,1,1,2,5,1,Non-Tech
1,1,2,1,2,1,5,1,Non-Tech
1,2,2,1,1,1,5,1,Non-Tech
1,3,2,2,1,1,4,1,Non-Tech
1,1,2,1,2,1,4,1,Non-Tech
1,1,2,1,2,1,5,1,Non-Tech
5,2,3,3,4,3,1,4,Software Engineer
4,2,3,2,4,3,3,5,Software Engineer
5,1,3,2,4,3,2,4,Software Engineer
5,1,3,2,4,3,2,4,Software Engineer
5,3,3,3,3,3,2,3,Software Engineer
4,2,2,3,5,4,2,4,Software Engineer
4,2,3,3,4,3,3,3,Software Engineer
5,2,3,4,4,3,2,4,Software Engineer
5,2,4,3,5,2,1,4,Software Engineer
5,2,3,3,5,3,2,4,Software Engineer
5,3,3,3,4,3,2,4,Software Engineer
5,2,4,4,3,4,2,3,Software Engineer
5,2,4,2,4,3,2,5,Software Engineer
5,2,4,3,4,1,2,4,Software Engineer
4,2,3,3,3,2,1,3,Software Engineer
5,2,2,3,4,3,1,4,Software Engineer
5,2,2,3,3,3,3,4,Software Engineer
5,2,3,2,3,3,1,4,Software Engineer
5,2,2,3,3,2,2,4,Software Engineer
5,3,4,3,4,3,2,5,Software Engineer
5,2,3,4,4,4,2,4,Software Engineer
5,1,3,4,3,3,2,4,Software Engineer
5,2,2,4,2,2,2,3,Software Engineer
5,2,4,3,4,4,2,4,Software Engineer
5,2,4,3,5,3,2,3,Software Engineer
5,2,3,3,5,3,1,4,Software Engineer
5,3,4,3,4,3,2,5,Software Engineer
5,2,3,3,5,3,2,4,Software Engineer
5,2,3,3,4,4,3,4,Software Engineer
5,2,3,3,4,3,3,3,Software Engineer
5,3,5,3,2,4,1,4,Software Engineer
5,2,3,3,4,2,3,5,Software Engineer
5,2,3,4,3,4,2,4,Software Engineer
5,3,4,2,4,3,2,3,Software Engineer
4,2,4,4,5,2,2,4,Software Engineer
4,2,3,3,5,4,3,4,Software Engineer
5,2,3,4,3,3,2,4,Software Engineer
4,2,4,4,4,3,1,4,Software Engineer
4,1,3,3,4,2,3,5,Software Engineer
5,2,2,4,3,3,1,4,Software Engineer
5,2,3,3,4,4,1,3,Software Engineer
4,2,4,3,4,2,3,4,Software Engineer
5,2,4,3,4,2,2,4,Software Engineer
5,2,4,4,4,3,2,4,Software Engineer
5,2,3,3,4,2,2,4,Software Engineer
4,2,4,2,4,4,2,4,Software Engineer
5,1,3,2,5,2,1,4,Software Engineer
4,2,4,3,4,2,2,4,Software Engineer
5,1,3,3,4,4,2,3,Software Engineer
5,3,3,2,4,3,2,4,Software Engineer
4,2,2,4,4,4,1,5,Software Engineer
5,2,4,3,4,3,3,3,Software Engineer
5,3,3,3,4,3,2,4,Software Engineer
5,2,3,3,3,3,3,5,Software Engineer
5,2,3,3,4,3,2,3,Software Engineer
5,2,3,3,4,3,4,5,Software Engineer
5,2,3,2,4,5,2,5,Software Engineer
5,2,4,3,4,2,2,4,Software Engineer
5,2,3,4,4,3,2,4,Software Engineer
5,1,4,2,3,3,1,4,Software Engineer
5,2,3,3,5,3,3,4,Software Engineer
5,1,3,3,4,2,1,3,Software Engineer
5,3,3,2,4,2,1,4,Software Engineer
5,2,3,4,5,2,2,4,Software Engineer
5,2,2,3,4,4,2,4,Software Engineer
5,2,3,1,3,3,2,4,Software Engineer
5,1,4,3,4,3,2,4,Software Engineer
5,2,3,3,4,3,2,5,Software Engineer
5,3,3,2,4,4,2,4,Software Engineer
5,3,3,3,4,3,1,4,Software Engineer
5,3,3,4,4,3,2,5,Software Engineer
5,2,2,3,4,2,2,4,Software Engineer
5,2,3,4,3,4,2,4,Software Engineer
5,1,2,3,5,3,2,4,Software Engineer
5,2,4,3,4,2,1,5,Software Engineer
5,2,3,2,4,3,3,4,Software Engineer
5,1,3,3,3,2,1,3,Software Engineer
5,1,4,4,4,2,2,5,Software Engineer
5,2,3,2,5,3,1,3,Software Engineer
5,2,3,3,4,3,2,4,Software Engineer
5,2,2,4,4,3,3,5,Software Engineer
5,2,3,3,4,3,1,3,Software Engineer
5,1,3,4,4,3,2,5,Software Engineer
5,2,4,3,5,3,2,4,Software Engineer
4,2,4,3,4,3,2,4,Software Engineer
5,2,2,3,4,3,2,4,Software Engineer
5,2,2,3,3,3,1,4,Software Engineer
5,3,3,4,4,3,2,5,Software Engineer
5,2,4,4,4,4,2,4,Software Engineer
5,3,3,2,4,3,2,4,Software Engineer
5,2,3,2,4,3,2,4,Software Engineer
5,2,2,3,4,3,1,5,Software Engineer
5,1,3,4,4,2,3,4,Software Engineer
5,2,4,3,4,3,2,4,Software Engineer
5,3,3,2,3,3,3,5,Software Engineer
5,2,3,3,4,3,2,4,Software Engineer
5,1,2,3,4,4,2,5,Software Engineer
5,3,3,3,3,2,2,4,Software Engineer
5,2,3,3,3,2,3,3,Software Engineer
5,2,2,3,4,3,1,5,Software Engineer
5,2,3,3,5,3,2,3,Software Engineer
5,3,2,2,4,3,1,5,Software Engineer
4,1,3,3,3,3,2,3,Software Engineer
5,2,2,3,5,3,1,4,Software Engineer
4,2,3,3,4,4,2,4,Software Engineer
5,1,3,2,4,3,2,4,Software Engineer
5,2,2,4,5,2,2,4,Software Engineer
5,2,3,4,4,3,1,5,Software Engineer
4,1,3,3,3,4,2,5,Software Engineer
5,3,4,3,4,3,1,4,Software Engineer
5,1,3,3,5,4,3,4,Software Engineer
5,2,3,3,4,2,2,3,Software Engineer
4,3,2,3,4,3,1,3,Software Engineer
5,1,3,4,4,3,1,4,Software Engineer
5,3,2,3,5,3,3,4,Software Engineer
5,2,3,3,5,4,3,5,Software Engineer
4,3,4,1,4,3,1,5,Software Engineer
5,2,3,3,5,3,2,4,Software Engineer
5,2,3,4,5,3,1,5,Software Engineer
5,2,4,3,5,3,2,4,Software Engineer
4,2,4,3,5,2,3,4,Software Engineer
4,2,2,3,4,4,2,4,Software Engineer
4,1,4,3,4,3,3,5,Software Engineer
5,2,3,4,3,3,2,4,Software Engineer
5,2,4,3,4,3,3,4,Software Engineer
5,2,4,3,3,3,3,4,Software Engineer
4,2,4,4,4,3,2,4,Software Engineer
5,2,3,4,3,3,3,5,Software Engineer
4,2,3,4,3,3,2,5,Software Engineer
5,1,3,4,4,2,2,5,Software Engineer
5,2,4,4,4,2,1,3,Software Engineer
4,1,3,3,4,3,1,4,Software Engineer
4,3,4,2,5,3,2,4,Software Engineer
5,2,4,3,3,4,2,5,Software Engineer
5,1,3,3,4,3,2,4,Software Engineer
5,3,3,3,5,3,3,4,Software Engineer
5,1,3,4,4,2,2,4,Software Engineer
5,3,3,3,4,4,3,4,Software Engineer
4,2,5,3,5,2,2,2,Software Engineer
5,3,4,3,4,3,3,5,Software Engineer
4,1,3,4,4,3,2,4,Software Engineer
5,2,3,3,4,2,1,5,Software Engineer
5,2,4,2,5,3,2,3,Software Engineer
5,2,3,3,3,3,2,5,Software Engineer
5,3,3,3,4,3,3,4,Software Engineer
5,3,3,3,3,3,2,4,Software Engineer
5,3,3,4,3,3,2,5,Software Engineer
5,1,2,3,4,4,2,3,Software Engineer
5,2,3,3,3,3,2,5,Software Engineer
5,2,3,3,3,3,1,4,Software Engineer
5,1,3,2,3,3,2,5,Software Engineer
4,3,4,3,4,2,1,5,Software Engineer
5,2,2,3,3,3,2,3,Software Engineer
5,1,4,2,4,1,2,3,Software Engineer
5,4,3,4,4,3,2,3,Software Engineer
5,1,4,2,4,3,1,4,Software Engineer
5,3,4,3,4,4,2,4,Software Engineer
5,1,3,3,4,3,2,4,Software Engineer
5,3,4,3,4,3,3,4,Software Engineer
5,2,2,3,4,3,3,4,Software Engineer
5,2,4,3,4,4,2,3,Software Engineer
5,2,3,3,5,3,2,4,Software Engineer
5,1,3,3,3,3,2,3,Software Engineer
5,2,3,3,5,3,1,4,Software Engineer
5,2,3,2,4,3,2,5,Software Engineer
4,2,3,2,4,3,2,4,Software Engineer
5,1,2,3,5,3,3,4,Software Engineer
5,2,3,3,5,3,2,4,Software Engineer
5,1,3,3,4,3,2,4,Software Engineer
4,2,3,3,3,2,2,4,Software Engineer
5,2,2,3,5,3,3,4,Software Engineer
4,2,4,3,4,4,3,4,Software Engineer
5,2,3,4,4,3,2,4,Software Engineer
5,2,2,2,5,3,1,3,Software Engineer
5,2,3,3,4,4,2,4,Software Engineer
5,2,3,3,4,3,3,5,Software Engineer
4,1,3,3,4,4,1,4,Software Engineer
5,3,2,3,4,3,2,4,Software Engineer
5,1,3,3,4,4,1,4,Software Engineer
4,2,3,3,4,3,1,5,Software Engineer
5,3,4,2,4,3,3,5,Software Engineer
5,2,3,3,4,3,2,5,Software Engineer
5,1,3,4,5,3,3,4,Software Engineer
5,3,4,3,4,3,1,4,Software Engineer
5,2,4,4,3,3,2,4,Software Engineer
5,1,4,3,4,3,3,3,Software Engineer
5,3,4,3,4,4,2,4,Software Engineer
5,3,3,3,5,3,2,4,Software Engineer
5,2,2,3,4,2,2,4,Software Engineer
5,2,2,3,5,4,2,3,Software Engineer
5,1,4,4,4,3,2,5,Software Engineer
5,2,3,4,4,2,2,4,Software Engineer
5,2,3,3,4,3,1,3,Software Engineer
5,2,3,3,5,3,3,4,Software Engineer
5,1,1,3,4,3,3,4,Software Engineer
5,3,3,2,4,3,2,3,Software Engineer
5,1,4,3,4,3,1,3,Software Engineer
5,1,2,3,4,3,2,3,Software Engineer
5,2,3,3,3,3,3,5,Software Engineer
4,2,3,3,3,3,2,4,Software Engineer
5,2,3,4,4,2,2,4,Software Engineer
4,2,3,3,5,3,2,5,Software Engineer
4,2,2,2,4,4,2,4,Software Engineer
5,3,4,3,4,2,1,3,Software Engineer
5,2,3,2,4,4,2,3,Software Engineer
5,2,3,3,4,3,2,3,Software Engineer
4,2,3,3,4,3,2,4,Software Engineer
5,3,3,4,4,3,2,5,Software Engineer
5,2,3,3,5,4,2,3,Software Engineer
5,2,2,2,3,4,2,4,Software Engineer
5,3,3,2,4,3,3,5,Software Engineer
4,1,3,3,4,5,2,4,Software Engineer
5,3,2,4,4,3,2,4,Software Engineer
5,1,3,3,4,2,2,4,Software Engineer
5,2,3,4,3,3,2,4,Software Engineer
5,3,3,4,3,3,2,4,Software Engineer
5,2,2,3,4,4,1,3,Software Engineer
5,2,3,2,4,3,3,4,Software Engineer
5,2,3,2,5,4,3,4,Software Engineer
5,2,4,3,5,2,2,4,Software Engineer
5,1,3,3,4,4,2,4,Software Engineer
5,1,3,3,5,3,1,4,Software Engineer
4,1,2,3,3,2,2,4,Software Engineer
5,2,3,2,4,4,2,3,Software Engineer
5,1,3,3,4,3,2,4,Software Engineer
5,2,3,3,3,5,2,4,Software Engineer
4,2,2,3,4,3,3,4,Software Engineer
5,2,4,3,4,2,1,4,Software Engineer
5,2,3,3,4,4,3,3,Software Engineer
5,1,4,3,4,4,3,4,Software Engineer
5,1,3,3,4,3,1,4,Software Engineer
5,2,3,3,4,3,2,4,Software Engineer
5,2,4,2,4,3,3,4,Software Engineer
5,2,4,4,4,2,2,5,Software Engineer
5,2,3,3,4,4,1,5,Software Engineer
5,2,3,1,4,3,2,4,Software Engineer
5,2,4,3,3,3,2,3,Software Engineer
5,1,3,2,4,3,2,4,Software Engineer
5,2,4,2,4,4,3,4,Software Engineer
5,4,4,2,4,3,3,5,Software Engineer
5,2,4,2,4,3,3,4,Software Engineer
4,1,3,3,4,2,3,4,Software Engineer
5,1,3,3,5,3,2,4,Software Engineer
5,3,2,4,3,3,2,5,Software Engineer
5,2,4,3,3,3,2,4,Software Engineer
4,2,2,4,5,4,2,5,Software Engineer
5,3,4,2,5,3,2,4,Software Engineer
5,3,3,3,4,4,2,5,Software Engineer
5,1,3,4,3,3,2,3,Software Engineer
4,3,2,3,4,3,2,4,Software Engineer
4,2,3,3,3,3,1,4,Software Engineer
5,2,3,3,4,3,2,3,Software Engineer
5,2,3,3,4,3,3,4,Software Engineer
5,3,2,3,4,4,2,5,Software Engineer
5,2,3,3,3,3,2,4,Software Engineer
5,2,2,4,5,4,1,4,Software Engineer
4,1,4,3,5,3,2,4,Software Engineer
5,3,3,2,3,3,2,3,Software Engineer
5,1,3,3,4,3,3,4,Software Engineer
4,1,2,2,4,4,2,5,Software Engineer
5,3,3,3,4,2,2,4,Software Engineer
5,2,3,1,3,2,2,5,Software Engineer
5,1,3,3,4,2,3,5,Software Engineer
5,2,2,4,5,3,1,5,Software Engineer
5,2,3,4,4,3,2,4,Software Engineer
5,3,2,3,5,3,2,4,Software Engineer
5,1,3,3,5,4,3,4,Software Engineer
5,2,2,3,3,3,1,4,Software Engineer
5,2,3,3,5,2,2,4,Software Engineer
5,2,4,3,5,3,3,4,Software Engineer
5,3,3,2,3,3,3,5,Software Engineer
5,3,4,3,4,1,3,3,Software Engineer
5,2,2,4,4,3,2,4,Software Engineer
5,3,3,3,4,4,2,4,Software Engineer
4,2,3,4,3,4,1,4,Software Engineer
5,2,3,3,3,2,2,4,Software Engineer
5,3,4,3,4,2,2,4,Software Engineer
5,1,3,3,4,4,2,4,Software Engineer
5,1,3,3,4,3,1,3,Software Engineer
5,1,3,3,5,4,3,5,Software Engineer
5,2,3,3,3,3,2,4,Software Engineer
4,2,3,3,4,5,3,4,Software Engineer
5,1,2,3,4,4,2,4,Software Engineer
4,2,2,4,5,2,2,5,Software Engineer
3,2,4,3,4,2,2,4,Software Engineer
5,2,3,3,4,3,1,3,Software Engineer
5,3,3,3,4,3,1,4,Software Engineer
5,2,2,3,5,3,1,4,Software Engineer
4,2,3,4,5,3,1,4,Software Engineer
4,1,3,3,4,3,3,4,Software Engineer
5,2,3,3,5,3,2,5,Software Engineer
5,2,1,3,4,3,1,4,Software Engineer
5,2,3,3,4,3,3,4,Software Engineer
5,2,3,3,3,3,3,4,Software Engineer
5,2,3,3,3,3,2,4,Software Engineer
5,2,3,3,3,4,2,3,Software Engineer
5,1,4,4,4,3,1,3,Software Engineer
5,2,3,4,4,3,2,4,Software Engineer
5,2,4,3,4,3,2,3,Software Engineer
5,2,3,2,4,3,3,3,Software Engineer
5,2,3,2,2,3,2,3,Software Engineer
5,3,3,3,4,2,1,5,Software Engineer
4,2,4,3,4,2,2,4,Software Engineer
5,2,4,3,4,3,3,5,Software Engineer
5,1,3,3,4,2,2,4,Software Engineer
5,2,3,3,4,4,3,4,Software Engineer
5,2,3,3,4,3,3,4,Software Engineer
5,2,4,3,5,3,2,3,Software Engineer
4,2,3,3,4,2,3,5,Software Engineer
4,1,4,3,4,3,2,4,Software Engineer
5,2,3,2,4,3,2,5,Software Engineer
5,2,3,4,4,2,2,4,Software Engineer
4,2,3,3,4,3,3,4,Software Engineer
5,3,2,4,3,3,2,4,Software Engineer
5,2,3,4,3,2,3,4,Software Engineer
5,2,2,3,5,4,2,4,Software Engineer
5,2,3,3,4,3,2,4,Software Engineer
5,1,3,4,5,3,1,3,Software Engineer
5,2,4,3,4,4,2,4,Software Engineer
3,3,2,3,3,2,2,5,Software Engineer
5,2,2,2,3,3,2,4,Software Engineer
5,2,3,3,4,3,2,3,Software Engineer
5,1,2,3,4,3,2,4,Software Engineer
5,2,3,3,4,2,2,4,Software Engineer
5,3,3,3,4,2,2,4,Software Engineer
5,3,3,3,4,4,2,3,Software Engineer
4,2,3,3,4,3,2,4,Software Engineer
5,2,3,3,4,4,2,5,Software Engineer
5,2,3,3,4,3,3,4,Software Engineer
5,2,4,2,5,2,2,4,Software Engineer
5,3,2,3,3,3,3,3,Software Engineer
5,2,4,3,4,3,1,5,Software Engineer
5,2,3,3,3,3,2,4,Software Engineer
5,1,3,4,3,2,2,4,Software Engineer
5,3,3,4,4,4,2,4,Software Engineer
5,3,3,2,4,2,1,5,Software Engineer
4,3,3,3,4,3,1,4,Software Engineer
5,2,3,3,5,3,2,4,Software Engineer
5,3,3,3,5,3,2,3,Software Engineer
4,1,1,3,4,3,1,4,Software Engineer
5,3,4,4,3,3,2,3,Software Engineer
5,2,4,2,4,4,2,3,Software Engineer
5,2,3,2,5,3,2,4,Software Engineer
5,1,3,4,5,3,3,5,Software Engineer
5,2,2,3,5,4,2,3,Software Engineer
5,2,3,3,4,4,2,4,Software Engineer
5,1,4,3,3,2,3,4,Software Engineer
5,2,2,3,3,2,2,4,Software Engineer
5,2,3,2,4,2,2,5,Software Engineer
5,3,3,3,5,3,2,3,Software Engineer
5,1,2,4,4,3,1,4,Software Engineer
5,2,4,2,4,3,2,4,Software Engineer
5,3,4,2,3,3,2,5,Software Engineer
5,2,3,4,5,3,2,4,Software Engineer
5,2,3,2,4,3,1,4,Software Engineer
4,1,3,3,4,3,1,4,Software Engineer
5,1,3,4,4,2,2,3,Software Engineer
5,1,3,2,4,3,3,3,Software Engineer
5,2,1,4,3,3,1,4,Software Engineer
5,2,3,4,4,4,2,4,Software Engineer
5,2,1,3,3,3,1,3,Software Engineer
5,2,3,3,3,4,3,4,Software Engineer
5,2,3,3,4,4,2,4,Software Engineer
5,2,4,3,4,3,2,4,Software Engineer
5,3,3,3,4,4,2,3,Software Engineer
5,2,3,4,5,4,1,4,Software Engineer
5,2,5,3,3,3,1,4,Software Engineer
5,2,4,2,4,2,4,4,Software Engineer
4,1,3,4,4,4,3,4,Software Engineer
5,2,3,2,3,3,2,3,Software Engineer
5,2,4,3,4,3,2,4,Software Engineer
5,1,3,2,3,3,2,4,Software Engineer
5,2,4,2,4,2,2,4,Software Engineer
4,1,3,3,4,3,1,3,Software Engineer
5,2,3,3,3,3,3,4,Software Engineer
4,2,4,3,3,2,1,3,Software Engineer
5,2,3,3,5,4,2,4,Software Engineer
5,2,3,3,4,2,3,5,Software Engineer
5,3,3,3,3,3,1,4,Software Engineer
5,2,4,3,3,3,1,4,Software Engineer
5,2,3,4,4,3,1,3,Software Engineer
5,1,4,3,4,3,2,4,Software Engineer
4,3,3,3,5,4,3,4,Software Engineer
5,2,3,4,4,3,2,5,Software Engineer
2,5,3,1,2,1,4,2,UI/UX Designer
2,5,2,1,1,1,4,1,UI/UX Designer
3,4,1,2,1,1,5,2,UI/UX Designer
1,5,1,1,1,1,2,1,UI/UX Designer
2,5,2,1,1,1,4,1,UI/UX Designer
3,4,2,1,2,1,4,1,UI/UX Designer
2,5,2,1,1,1,4,2,UI/UX Designer
3,4,2,1,1,1,4,1,UI/UX Designer
2,5,1,1,1,1,3,1,UI/UX Designer
3,5,2,1,1,1,5,1,UI/UX Designer
1,5,2,1,1,1,5,1,UI/UX Designer
1,5,2,1,2,1,3,1,UI/UX Designer
3,5,3,1,1,1,5,1,UI/UX Designer
1,5,2,1,1,1,4,2,UI/UX Designer
2,5,2,1,1,1,4,1,UI/UX Designer
2,5,2,1,1,1,3,1,UI/UX Designer
1,5,2,1,1,2,3,2,UI/UX Designer
2,5,3,1,1,1,4,1,UI/UX Designer
1,5,2,1,1,1,3,1,UI/UX Designer
2,5,2,1,1,1,4,1,UI/UX Designer
3,4,2,1,1,1,4,2,UI/UX Designer
4,5,1,1,1,1,4,1,UI/UX Designer
1,5,2,1,1,2,4,1,UI/UX Designer
3,5,1,1,2,1,3,2,UI/UX Designer
2,5,2,2,2,1,3,1,UI/UX Designer
2,5,2,2,1,1,4,1,UI/UX Designer
2,5,2,2,2,2,5,1,UI/UX Designer
2,5,3,1,1,1,4,1,UI/UX Designer
2,5,1,1,1,1,5,1,UI/UX Designer
2,5,2,1,2,1,5,1,UI/UX Designer
1,5,2,1,2,1,5,1,UI/UX Designer
2,5,1,1,2,1,3,1,UI/UX Designer
1,5,2,2,1,1,4,1,UI/UX Designer
2,5,2,1,1,2,4,1,UI/UX Designer
1,5,2,1,2,2,4,2,UI/UX Designer
2,5,3,1,1,1,4,1,UI/UX Designer
2,5,2,1,1,1,4,1,UI/UX Designer
1,5,2,1,1,1,3,1,UI/UX Designer
1,4,2,1,1,1,4,3,UI/UX Designer
2,5,2,2,1,2,5,1,UI/UX Designer
2,5,3,1,1,1,5,2,UI/UX Designer
3,5,2,1,2,2,3,1,UI/UX Designer
2,5,2,1,1,1,4,1,UI/UX Designer
2,4,3,1,1,1,4,1,UI/UX Designer
3,5,2,2,1,1,4,1,UI/UX Designer
2,4,1,1,2,1,4,1,UI/UX Designer
2,4,3,1,1,1,5,1,UI/UX Designer
2,5,3,1,1,1,5,1,UI/UX Designer
2,4,1,1,1,1,3,1,UI/UX Designer
2,5,2,1,1,2,5,1,UI/UX Designer
3,5,2,1,1,1,4,1,UI/UX Designer
1,5,2,1,1,1,4,1,UI/UX Designer
2,5,2,1,1,1,3,1,UI/UX Designer
1,5,1,2,1,1,4,2,UI/UX Designer
3,4,1,1,1,1,5,1,UI/UX Designer
3,5,2,1,1,1,5,1,UI/UX Designer
2,4,3,1,2,2,5,1,UI/UX Designer
2,5,1,1,1,2,4,1,UI/UX Designer
2,5,2,1,2,1,4,2,UI/UX Designer
2,5,2,1,1,1,4,1,UI/UX Designer
2,5,1,2,1,1,4,1,UI/UX Designer
2,5,3,1,1,2,3,1,UI/UX Designer
2,5,2,1,1,1,4,2,UI/UX Designer
3,4,2,1,1,2,4,2,UI/UX Designer
3,5,2,1,1,1,3,1,UI/UX Designer
2,5,2,1,2,1,4,1,UI/UX Designer
2,5,2,1,1,1,4,1,UI/UX Designer
2,5,1,1,1,1,5,1,UI/UX Designer
3,5,2,1,1,1,5,1,UI/UX Designer
2,5,2,1,1,1,4,1,UI/UX Designer
3,5,2,1,1,1,4,1,UI/UX Designer
1,5,2,1,1,1,4,1,UI/UX Designer
2,4,3,1,2,1,4,1,UI/UX Designer
2,4,2,1,1,1,5,2,UI/UX Designer
2,5,3,1,2,1,4,1,UI/UX Designer
2,5,4,1,1,2,4,1,UI/UX Designer
2,5,2,1,1,1,3,1,UI/UX Designer
2,4,2,1,2,2,4,1,UI/UX Designer
2,5,2,1,1,1,4,1,UI/UX Designer
3,5,2,2,1,1,5,1,UI/UX Designer
2,5,3,1,2,2,3,1,UI/UX Designer
2,4,3,1,2,1,4,2,UI/UX Designer
2,5,3,1,1,1,3,1,UI/UX Designer
1,5,1,1,1,2,4,2,UI/UX Designer
2,5,2,1,1,1,4,2,UI/UX Designer
2,5,2,2,1,3,3,1,UI/UX Designer
2,5,3,2,2,1,5,2,UI/UX Designer
1,5,2,1,2,1,2,1,UI/UX Designer
2,4,2,1,1,1,3,1,UI/UX Designer
3,5,1,1,1,1,3,1,UI/UX Designer
3,5,3,2,2,1,4,1,UI/UX Designer
2,4,2,1,2,1,3,1,UI/UX Designer
2,5,2,1,1,1,4,1,UI/UX Designer
2,5,3,1,1,2,4,2,UI/UX Designer
3,5,2,2,1,1,5,2,UI/UX Designer
1,5,2,1,1,2,4,2,UI/UX Designer
2,5,3,1,1,1,4,1,UI/UX Designer
2,5,3,2,1,2,3,1,UI/UX Designer
3,5,1,1,1,1,4,1,UI/UX Designer
2,5,2,1,1,2,4,1,UI/UX Designer
2,5,2,1,1,1,4,2,UI/UX Designer
2,4,2,1,1,1,4,1,UI/UX Designer
2,5,3,1,1,1,4,1,UI/UX Designer
1,5,2,1,1,1,5,1,UI/UX Designer
2,4,2,1,1,1,4,2,UI/UX Designer
2,5,2,1,1,1,4,1,UI/UX Designer
3,5,2,1,1,1,4,1,UI/UX Designer
2,5,2,1,1,1,3,1,UI/UX Designer
3,5,1,2,1,2,4,3,UI/UX Designer
2,5,2,1,1,1,5,1,UI/UX Designer
2,5,1,1,2,2,3,2,UI/UX Designer
2,5,2,2,2,1,4,2,UI/UX Designer
2,5,1,1,1,1,4,1,UI/UX Designer
1,5,1,1,2,1,3,2,UI/UX Designer
2,5,2,1,1,1,4,2,UI/UX Designer
2,5,3,1,1,2,3,1,UI/UX Designer
3,5,2,1,1,1,4,1,UI/UX Designer
3,4,2,1,1,1,4,1,UI/UX Designer
3,4,1,1,1,1,4,1,UI/UX Designer
2,5,2,2,1,1,4,1,UI/UX Designer
3,5,2,1,1,2,4,1,UI/UX Designer
1,5,2,1,1,1,3,1,UI/UX Designer
1,5,2,2,1,1,4,2,UI/UX Designer
1,5,3,1,1,1,3,1,UI/UX Designer
2,4,2,1,1,1,4,1,UI/UX Designer
2,5,2,1,1,2,4,3,UI/UX Designer
2,5,3,1,1,2,4,1,UI/UX Designer
2,5,2,1,1,1,4,1,UI/UX Designer
2,5,3,1,1,1,4,1,UI/UX Designer
2,5,2,2,1,1,3,1,UI/UX Designer
2,5,2,2,1,1,5,1,UI/UX Designer
2,5,1,1,2,1,4,1,UI/UX Designer
2,4,2,3,2,1,4,2,UI/UX Designer
3,5,2,1,1,1,4,1,UI/UX Designer
3,5,3,2,1,1,4,1,UI/UX Designer
2,4,1,1,1,1,4,1,UI/UX Designer
1,5,1,1,1,1,3,1,UI/UX Designer
2,5,2,1,2,1,3,2,UI/UX Designer
3,5,2,1,2,1,4,1,UI/UX Designer
2,5,1,1,1,1,5,2,UI/UX Designer
2,4,3,2,2,1,3,1,UI/UX Designer
1,5,2,1,1,1,5,1,UI/UX Designer
2,5,1,1,1,2,4,1,UI/UX Designer
2,5,1,2,2,1,4,1,UI/UX Designer
3,5,3,1,1,1,3,2,UI/UX Designer
1,5,2,1,1,1,4,1,UI/UX Designer
2,5,2,2,1,1,4,2,UI/UX Designer
2,4,1,2,2,1,5,1,UI/UX Designer
1,5,2,1,1,1,4,1,UI/UX Designer
2,5,1,1,1,1,3,1,UI/UX Designer
1,5,2,1,2,1,2,1,UI/UX Designer
2,4,3,1,1,1,5,1,UI/UX Designer
2,5,1,1,1,2,3,1,UI/UX Designer
2,5,3,1,1,1,2,1,UI/UX Designer
2,5,2,1,1,1,3,1,UI/UX Designer
2,5,1,1,1,2,5,1,UI/UX Designer
2,5,1,2,1,2,4,1,UI/UX Designer
1,5,2,1,1,1,5,2,UI/UX Designer
2,4,1,1,1,1,5,1,UI/UX Designer
3,5,1,2,1,1,3,1,UI/UX Designer
2,5,1,1,1,1,5,1,UI/UX Designer
2,4,1,1,1,1,4,1,UI/UX Designer
3,5,1,1,1,1,3,1,UI/UX Designer
1,5,2,1,1,1,4,1,UI/UX Designer
2,5,2,1,1,1,3,2,UI/UX Designer
2,5,3,1,1,1,3,1,UI/UX Designer
2,3,2,1,2,2,3,1,UI/UX Designer
2,4,1,1,1,1,4,1,UI/UX Designer
2,4,2,1,1,1,3,2,UI/UX Designer
2,5,2,1,1,1,4,1,UI/UX Designer
2,5,2,1,1,1,5,1,UI/UX Designer
3,5,1,2,1,1,3,1,UI/UX Designer
3,5,2,1,1,1,4,3,UI/UX Designer
1,4,2,1,1,1,3,1,UI/UX Designer
2,5,2,1,1,1,4,2,UI/UX Designer
2,4,2,2,1,1,4,1,UI/UX Designer
2,5,2,1,1,1,3,1,UI/UX Designer
1,5,2,2,1,1,4,1,UI/UX Designer
2,4,3,1,1,1,3,1,UI/UX Designer
2,5,3,1,1,1,3,1,UI/UX Designer
3,5,1,2,1,1,4,1,UI/UX Designer
2,4,2,1,1,1,3,1,UI/UX Designer
2,5,2,1,1,3,5,1,UI/UX Designer
2,5,2,1,1,1,3,1,UI/UX Designer
2,5,2,1,1,1,3,1,UI/UX Designer
2,4,1,1,1,1,3,1,UI/UX Designer
3,4,2,1,1,1,4,2,UI/UX Designer
3,5,1,2,1,1,4,2,UI/UX Designer
1,5,2,1,2,1,5,1,UI/UX Designer
2,4,2,1,1,1,5,2,UI/UX Designer
2,5,2,1,1,1,4,2,UI/UX Designer
2,4,2,1,2,1,4,1,UI/UX Designer
2,5,2,2,2,1,4,1,UI/UX Designer
2,5,1,1,1,1,5,1,UI/UX Designer
2,4,2,1,1,1,4,1,UI/UX Designer
1,5,2,1,2,1,4,1,UI/UX Designer
1,5,2,1,1,1,4,2,UI/UX Designer
2,5,2,2,1,1,4,2,UI/UX Designer
3,5,2,1,1,1,5,1,UI/UX Designer
2,5,2,1,1,2,4,1,UI/UX Designer
2,5,2,1,1,1,4,1,UI/UX Designer
2,5,2,1,1,2,4,1,UI/UX Designer
2,5,3,2,1,3,4,1,UI/UX Designer
4,5,2,1,1,1,3,1,UI/UX Designer
2,5,1,1,1,2,4,1,UI/UX Designer
1,4,3,1,1,1,5,2,UI/UX Designer
2,5,2,2,1,1,5,1,UI/UX Designer
2,5,2,1,1,1,5,1,UI/UX Designer
2,5,2,1,2,1,4,2,UI/UX Designer
1,5,2,2,2,2,4,1,UI/UX Designer
2,5,2,1,2,1,4,1,UI/UX Designer
2,5,2,1,1,1,4,1,UI/UX Designer
4,5,2,1,1,1,5,2,UI/UX Designer
1,5,2,1,1,1,4,1,UI/UX Designer
1,5,2,1,1,1,5,3,UI/UX Designer
2,5,1,1,1,1,5,1,UI/UX Designer
1,5,2,1,2,1,4,2,UI/UX Designer
2,5,3,1,1,1,4,1,UI/UX Designer
3,5,1,1,1,1,4,1,UI/UX Designer
2,4,1,1,2,1,4,1,UI/UX Designer
2,4,2,1,1,1,4,1,UI/UX Designer
2,4,2,1,2,1,5,1,UI/UX Designer
2,5,2,1,1,1,4,1,UI/UX Designer
2,5,2,1,1,2,4,1,UI/UX Designer
3,5,3,2,2,1,4,1,UI/UX Designer
2,5,2,1,1,1,5,2,UI/UX Designer
1,5,2,2,1,2,5,1,UI/UX Designer
2,5,2,1,1,1,2,1,UI/UX Designer
2,5,2,1,1,1,4,2,UI/UX Designer
3,5,2,1,2,1,5,1,UI/UX Designer
3,5,2,2,2,1,4,1,UI/UX Designer
3,5,3,2,1,1,4,1,UI/UX Designer
3,4,2,1,2,1,4,1,UI/UX Designer
2,5,2,2,1,1,3,1,UI/UX Designer
2,5,4,1,1,1,4,1,UI/UX Designer
2,5,2,1,2,1,3,2,UI/UX Designer
1,5,2,2,1,1,5,2,UI/UX Designer
1,5,3,1,1,1,4,1,UI/UX Designer
2,5,1,1,1,1,4,1,UI/UX Designer
2,5,1,1,3,2,4,1,UI/UX Designer
3,5,2,2,1,1,4,1,UI/UX Designer
2,5,1,1,1,1,4,1,UI/UX Designer
2,5,2,1,1,2,5,1,UI/UX Designer
2,5,3,1,1,1,3,1,UI/UX Designer
2,4,4,2,2,1,3,2,UI/UX Designer
3,5,2,1,1,1,4,1,UI/UX Designer
3,5,2,1,1,1,5,1,UI/UX Designer
3,5,2,1,2,1,4,1,UI/UX Designer
2,5,2,1,1,1,3,2,UI/UX Designer
1,4,2,1,1,1,5,1,UI/UX Designer
2,5,3,1,1,1,3,1,UI/UX Designer
1,5,3,2,1,1,4,1,UI/UX Designer
2,5,2,1,1,1,5,2,UI/UX Designer
2,5,2,2,1,1,3,1,UI/UX Designer
3,5,1,1,1,1,4,1,UI/UX Designer
3,5,1,2,1,1,4,1,UI/UX Designer
1,5,2,1,1,1,4,2,UI/UX Designer
1,5,2,1,2,2,4,1,UI/UX Designer
3,5,1,1,1,1,4,1,UI/UX Designer
1,5,2,1,1,2,4,1,UI/UX Designer
2,5,2,1,1,1,3,2,UI/UX Designer
2,5,2,1,1,1,4,1,UI/UX Designer
3,5,2,1,1,1,4,2,UI/UX Designer
2,4,2,1,1,1,5,2,UI/UX Designer
2,5,2,2,2,1,4,1,UI/UX Designer
3,5,3,1,1,1,5,1,UI/UX Designer
2,4,2,1,1,1,5,1,UI/UX Designer
1,5,2,1,2,1,5,1,UI/UX Designer
2,5,1,1,1,1,4,1,UI/UX Designer
2,5,2,1,1,2,4,1,UI/UX Designer
3,5,2,2,1,1,4,2,UI/UX Designer
3,5,2,1,1,2,4,1,UI/UX Designer
2,5,2,2,1,2,5,2,UI/UX Designer
2,4,2,1,1,1,3,1,UI/UX Designer
1,5,3,2,1,1,3,1,UI/UX Designer
3,5,1,1,1,2,3,2,UI/UX Designer
1,4,2,1,1,1,4,3,UI/UX Designer
1,5,2,1,1,1,5,1,UI/UX Designer
2,4,2,1,1,1,4,1,UI/UX Designer
2,5,1,1,2,1,4,2,UI/UX Designer
2,4,2,1,1,1,3,1,UI/UX Designer
2,5,3,1,1,1,4,1,UI/UX Designer
2,5,2,2,1,1,5,1,UI/UX Designer
1,5,2,1,1,1,4,1,UI/UX Designer
3,5,2,2,1,1,4,1,UI/UX Designer
3,5,3,1,2,1,4,1,UI/UX Designer
2,5,2,1,1,1,4,2,UI/UX Designer
3,5,1,1,1,1,4,2,UI/UX Designer
1,5,2,2,1,3,4,1,UI/UX Designer
1,5,2,1,1,1,5,1,UI/UX Designer
2,5,1,1,1,1,4,1,UI/UX Designer
2,4,2,1,1,1,4,1,UI/UX Designer
1,5,3,1,1,2,3,1,UI/UX Designer
2,4,2,1,1,1,4,1,UI/UX Designer
2,5,1,1,1,1,3,2,UI/UX Designer
2,5,2,2,1,1,5,1,UI/UX Designer
2,5,2,1,1,1,5,1,UI/UX Designer
2,5,1,1,2,1,5,1,UI/UX Designer
1,5,2,1,1,2,4,2,UI/UX Designer
2,4,2,2,2,1,5,1,UI/UX Designer
2,4,2,1,1,1,4,1,UI/UX Designer
1,4,2,1,2,1,4,1,UI/UX Designer
2,5,3,2,1,1,4,1,UI/UX Designer
2,4,1,1,2,1,3,1,UI/UX Designer
2,5,1,1,1,1,4,1,UI/UX Designer
2,5,3,1,1,1,3,1,UI/UX Designer
1,5,3,2,1,1,4,1,UI/UX Designer
2,5,1,1,1,1,4,1,UI/UX Designer
2,5,2,1,2,1,4,1,UI/UX Designer
1,5,2,1,1,1,3,2,UI/UX Designer
2,5,1,1,1,1,2,1,UI/UX Designer
2,5,3,1,1,1,4,1,UI/UX Designer
2,5,1,1,2,1,5,1,UI/UX Designer
2,5,2,1,1,1,4,1,UI/UX Designer
2,5,2,1,1,2,4,1,UI/UX Designer
2,4,1,1,1,1,4,2,UI/UX Designer
3,5,3,1,2,1,5,1,UI/UX Designer
2,4,2,1,1,1,4,1,UI/UX Designer
2,5,2,2,1,2,4,1,UI/UX Designer
3,4,2,1,1,1,4,1,UI/UX Designer
3,5,2,1,1,1,4,1,UI/UX Designer
2,5,2,1,2,1,5,1,UI/UX Designer
3,5,2,2,1,1,5,1,UI/UX Designer
3,5,2,1,1,1,4,1,UI/UX Designer
1,5,1,1,2,1,3,1,UI/UX Designer
3,5,3,1,1,1,5,2,UI/UX Designer
2,5,1,1,1,1,3,1,UI/UX Designer
2,4,2,2,2,1,3,1,UI/UX Designer
2,5,1,1,1,2,3,1,UI/UX Designer
1,5,3,1,1,1,4,1,UI/UX Designer
3,5,2,1,1,2,3,1,UI/UX Designer
3,5,1,2,2,1,5,1,UI/UX Designer
2,4,2,1,1,1,5,1,UI/UX Designer
3,5,1,2,2,1,3,1,UI/UX Designer
2,5,1,2,1,1,5,1,UI/UX Designer
2,5,1,1,1,1,3,1,UI/UX Designer
2,5,2,2,1,1,5,1,UI/UX Designer
2,4,3,1,2,1,4,1,UI/UX Designer
2,5,2,1,1,1,4,1,UI/UX Designer
2,5,2,1,1,2,3,1,UI/UX Designer
2,4,2,1,1,2,4,1,UI/UX Designer
2,5,1,1,2,1,4,2,UI/UX Designer
2,5,2,1,2,1,3,1,UI/UX Designer
2,5,3,1,1,1,3,1,UI/UX Designer
2,4,2,1,1,1,4,2,UI/UX Designer
1,5,2,2,1,1,3,1,UI/UX Designer
2,5,2,1,1,1,4,1,UI/UX Designer
1,5,3,1,2,1,5,1,UI/UX Designer
1,5,3,2,1,1,4,1,UI/UX Designer
2,5,1,2,1,1,4,1,UI/UX Designer
1,5,2,1,1,2,3,1,UI/UX Designer
3,5,3,1,2,1,5,2,UI/UX Designer
3,5,2,1,2,1,4,1,UI/UX Designer
3,5,2,1,1,1,4,1,UI/UX Designer
2,5,2,1,1,1,5,1,UI/UX Designer
2,5,2,2,1,2,4,1,UI/UX Designer
1,5,1,1,2,1,4,1,UI/UX Designer
3,5,1,2,1,1,3,2,UI/UX Designer
3,5,3,1,2,1,5,1,UI/UX Designer
2,5,2,1,1,2,5,1,UI/UX Designer
3,5,2,1,2,1,5,1,UI/UX Designer
2,5,3,1,2,1,4,1,UI/UX Designer
2,5,2,1,1,1,4,2,UI/UX Designer
2,5,2,1,1,1,3,1,UI/UX Designer
3,5,2,1,1,2,4,1,UI/UX Designer
2,5,2,1,1,1,4,1,UI/UX Designer
1,4,1,2,2,1,4,1,UI/UX Designer
3,5,2,1,2,2,4,1,UI/UX Designer
2,5,3,1,1,1,3,1,UI/UX Designer
2,5,2,2,1,1,3,2,UI/UX Designer
2,5,2,2,1,1,4,1,UI/UX Designer
2,5,2,2,1,1,4,1,UI/UX Designer
3,5,1,1,1,1,4,1,UI/UX Designer
3,5,2,1,1,1,5,2,UI/UX Designer
2,5,2,1,1,2,4,1,UI/UX Designer
3,5,2,1,1,2,4,1,UI/UX Designer
2,5,2,1,1,1,4,1,UI/UX Designer
1,5,2,2,2,1,5,1,UI/UX Designer
3,5,1,1,1,1,4,1,UI/UX Designer
2,5,3,2,1,2,4,2,UI/UX Designer
2,5,1,2,1,1,4,1,UI/UX Designer
3,5,2,1,1,1,5,1,UI/UX Designer
2,5,2,1,1,1,4,1,UI/UX Designer
3,5,2,1,2,1,4,1,UI/UX Designer
5,3,2,2,3,2,3,4,Web Developer
5,3,3,1,2,2,3,4,Web Developer
5,2,3,1,3,2,3,4,Web Developer
4,4,4,3,3,1,3,5,Web Developer
5,4,3,2,2,2,3,4,Web Developer
5,3,3,1,3,3,2,5,Web Developer
5,3,3,1,3,2,4,4,Web Developer
5,4,3,2,2,2,3,4,Web Developer
5,4,3,2,3,2,4,4,Web Developer
4,4,2,3,4,1,4,3,Web Developer
4,4,3,1,3,3,3,4,Web Developer
4,5,2,2,3,1,3,4,Web Developer
4,4,3,3,3,2,2,4,Web Developer
3,3,3,2,2,1,2,4,Web Developer
3,4,3,1,2,3,2,4,Web Developer
4,4,3,1,3,2,4,4,Web Developer
5,4,3,2,4,2,5,5,Web Developer
4,3,3,2,2,2,3,5,Web Developer
4,4,3,1,4,1,3,4,Web Developer
5,3,3,3,2,2,4,4,Web Developer
4,3,4,3,3,1,2,4,Web Developer
5,4,1,2,3,2,3,4,Web Developer
4,4,4,3,3,2,3,5,Web Developer
4,4,3,2,2,2,3,5,Web Developer
5,4,4,2,2,2,3,3,Web Developer
3,4,4,2,3,3,3,4,Web Developer
5,4,3,2,4,2,2,4,Web Developer
3,4,3,1,4,1,3,4,Web Developer
4,4,4,2,3,2,3,5,Web Developer
3,3,4,2,2,3,3,4,Web Developer
5,4,3,2,3,3,3,4,Web Developer
5,4,2,1,3,2,2,4,Web Developer
5,4,3,2,3,2,3,4,Web Developer
4,4,3,2,3,3,4,3,Web Developer
4,4,3,2,4,2,3,5,Web Developer
2,5,3,2,4,2,3,4,Web Developer
4,3,3,2,2,2,4,4,Web Developer
4,4,2,2,3,2,3,4,Web Developer
3,4,3,1,3,2,3,5,Web Developer
4,4,3,2,3,3,2,4,Web Developer
4,4,3,2,4,2,4,3,Web Developer
5,4,2,1,2,2,2,5,Web Developer
4,4,3,1,3,2,3,4,Web Developer
4,3,3,2,4,2,3,5,Web Developer
4,4,4,3,2,2,4,4,Web Developer
4,4,4,2,3,2,4,3,Web Developer
5,3,3,2,3,2,4,5,Web Developer
5,4,3,2,3,2,3,4,Web Developer
5,4,3,1,3,2,3,4,Web Developer
4,4,3,3,4,2,3,3,Web Developer
4,4,4,2,2,3,3,5,Web Developer
4,3,3,3,4,2,2,3,Web Developer
3,3,3,1,3,2,4,4,Web Developer
4,5,3,3,3,1,4,5,Web Developer
4,4,3,2,3,2,3,4,Web Developer
3,4,4,3,4,3,3,4,Web Developer
4,5,4,2,3,2,4,4,Web Developer
3,5,3,1,3,2,2,4,Web Developer
4,4,3,2,4,2,3,3,Web Developer
4,3,3,2,3,3,2,5,Web Developer
4,4,4,2,3,3,3,4,Web Developer
4,4,3,2,4,2,3,3,Web Developer
4,4,2,2,3,3,3,4,Web Developer
3,4,2,2,2,2,4,5,Web Developer
4,5,3,2,3,2,3,4,Web Developer
5,5,3,2,3,3,3,3,Web Developer
4,4,3,1,1,3,3,4,Web Developer
4,5,3,2,2,2,3,3,Web Developer
4,5,3,2,3,2,4,3,Web Developer
3,4,4,2,3,2,3,4,Web Developer
4,4,3,2,4,2,2,4,Web Developer
4,3,4,1,2,2,4,4,Web Developer
3,5,3,1,2,2,4,3,Web Developer
4,5,4,1,3,2,2,4,Web Developer
3,4,3,3,3,2,3,4,Web Developer
4,4,3,2,4,2,3,5,Web Developer
4,4,2,1,3,3,4,4,Web Developer
5,4,4,3,3,2,3,5,Web Developer
4,4,3,2,2,2,4,4,Web Developer
4,4,2,1,3,3,2,3,Web Developer
5,5,3,1,4,2,2,3,Web Developer
5,5,3,1,2,3,3,5,Web Developer
4,5,2,1,3,2,4,3,Web Developer
4,4,3,2,3,2,3,4,Web Developer
4,4,3,2,3,1,3,5,Web Developer
5,4,3,1,3,2,2,4,Web Developer
4,4,3,3,4,1,4,4,Web Developer
4,3,3,2,4,2,3,5,Web Developer
4,3,3,2,3,3,3,5,Web Developer
4,4,3,1,3,3,3,4,Web Developer
4,5,3,3,3,3,3,4,Web Developer
3,5,4,2,4,1,3,3,Web Developer
5,3,3,3,2,1,3,4,Web Developer
5,3,2,2,2,1,3,5,Web Developer
4,3,3,2,4,2,4,3,Web Developer
4,5,4,2,5,1,2,5,Web Developer
4,4,3,2,3,1,2,4,Web Developer
3,3,4,1,3,2,3,4,Web Developer
4,3,3,2,3,3,3,4,Web Developer
4,4,3,2,3,2,4,4,Web Developer
5,4,3,2,3,3,3,5,Web Developer
4,4,2,3,2,1,3,4,Web Developer
4,4,4,2,3,1,3,3,Web Developer
4,4,3,1,3,2,4,4,Web Developer
4,5,3,3,2,3,5,5,Web Developer
4,5,3,2,3,3,3,4,Web Developer
3,4,3,2,3,2,4,4,Web Developer
5,4,2,1,3,2,3,4,Web Developer
4,4,3,2,5,2,3,4,Web Developer
4,4,3,2,3,3,3,5,Web Developer
5,3,2,2,4,1,4,4,Web Developer
2,3,3,2,2,2,2,4,Web Developer
4,4,3,2,3,3,3,5,Web Developer
3,4,3,3,3,3,4,3,Web Developer
3,4,3,1,3,2,3,5,Web Developer
3,3,2,2,3,1,3,4,Web Developer
3,4,3,2,2,3,2,3,Web Developer
3,4,2,2,3,3,2,3,Web Developer
4,5,3,2,3,2,4,5,Web Developer
4,4,4,3,3,1,3,4,Web Developer
4,4,4,2,2,2,3,4,Web Developer
5,4,3,2,2,3,2,4,Web Developer
4,4,2,2,4,2,5,4,Web Developer
4,5,4,3,3,2,3,5,Web Developer
4,4,3,3,3,2,3,5,Web Developer
5,4,4,2,3,2,3,4,Web Developer
4,4,2,2,4,3,3,4,Web Developer
3,4,3,2,3,1,3,4,Web Developer
3,4,4,2,3,2,2,5,Web Developer
4,3,4,1,3,1,4,4,Web Developer
4,4,3,1,4,2,3,4,Web Developer
4,4,2,3,4,2,2,5,Web Developer
3,4,3,1,3,3,2,3,Web Developer
4,3,4,2,3,3,3,4,Web Developer
3,4,3,2,3,3,2,5,Web Developer
3,4,3,3,3,2,2,4,Web Developer
4,4,5,2,3,2,3,5,Web Developer
4,3,3,2,3,1,3,4,Web Developer
4,4,2,2,3,2,3,4,Web Developer
4,5,3,3,3,1,3,5,Web Developer
5,5,4,1,3,2,3,4,Web Developer
4,4,2,2,3,3,3,3,Web Developer
3,4,3,1,2,3,3,5,Web Developer
3,4,3,2,3,2,4,5,Web Developer
4,4,4,2,4,2,2,5,Web Developer
3,3,3,2,2,1,3,3,Web Developer
5,4,4,2,3,2,3,4,Web Developer
4,3,3,2,4,1,3,3,Web Developer
4,4,4,3,2,2,3,4,Web Developer
4,5,2,1,4,2,3,3,Web Developer
4,3,4,1,3,2,3,5,Web Developer
4,5,4,2,4,3,4,5,Web Developer
4,3,3,2,3,2,3,3,Web Developer
3,4,3,2,3,1,4,4,Web Developer
4,3,3,3,3,2,4,4,Web Developer
4,5,3,2,3,2,3,2,Web Developer
4,5,3,2,3,2,4,4,Web Developer
4,4,3,2,3,2,3,5,Web Developer
4,4,3,2,4,2,3,5,Web Developer
4,5,4,3,2,2,4,3,Web Developer
3,4,3,2,3,2,3,3,Web Developer
4,4,3,2,2,2,4,4,Web Developer
4,5,3,2,2,2,3,4,Web Developer
5,4,3,3,3,1,4,4,Web Developer
5,4,3,2,4,1,3,3,Web Developer
4,3,2,2,3,2,4,3,Web Developer
5,4,3,2,3,2,3,4,Web Developer
3,4,3,2,3,2,3,4,Web Developer
4,4,1,2,4,3,3,3,Web Developer
4,5,4,1,3,3,3,4,Web Developer
5,4,3,2,4,3,3,5,Web Developer
4,3,4,1,2,2,2,5,Web Developer
4,5,2,2,3,2,3,5,Web Developer
4,5,3,1,3,2,2,4,Web Developer
4,4,3,2,4,2,3,5,Web Developer
4,5,2,2,4,3,3,4,Web Developer
4,4,3,2,3,3,3,5,Web Developer
4,3,3,2,3,2,2,3,Web Developer
4,5,3,2,4,2,3,4,Web Developer
4,5,2,2,3,2,4,4,Web Developer
3,4,2,3,4,1,3,4,Web Developer
5,4,4,2,4,2,3,4,Web Developer
5,4,3,3,2,2,3,4,Web Developer
4,4,3,1,3,2,3,4,Web Developer
5,4,4,2,2,1,3,4,Web Developer
4,5,4,2,2,2,3,4,Web Developer
4,4,3,1,3,1,3,5,Web Developer
5,4,3,2,4,2,3,4,Web Developer
4,4,3,1,4,2,3,5,Web Developer
4,4,5,2,4,2,2,3,Web Developer
3,4,3,2,3,2,4,3,Web Developer
3,3,2,2,2,3,3,4,Web Developer
5,4,4,2,3,3,4,3,Web Developer
5,5,4,2,3,3,3,4,Web Developer
3,5,2,2,4,2,3,4,Web Developer
5,4,2,2,4,3,4,4,Web Developer
3,5,3,3,2,2,3,5,Web Developer
5,4,2,2,4,2,3,4,Web Developer
3,4,3,2,3,3,3,4,Web Developer
5,5,3,2,3,2,3,5,Web Developer
4,5,4,3,3,2,4,5,Web Developer
5,3,3,2,3,3,3,5,Web Developer
4,4,3,2,4,3,3,4,Web Developer
3,4,3,2,3,3,3,4,Web Developer
5,3,3,2,3,2,4,5,Web Developer
4,4,2,2,3,2,3,4,Web Developer
4,5,3,2,3,1,2,4,Web Developer
3,5,3,3,3,1,3,3,Web Developer
4,4,3,2,3,2,3,4,Web Developer
4,4,3,3,3,2,3,5,Web Developer
4,3,3,2,3,3,3,5,Web Developer
5,4,3,3,4,2,3,4,Web Developer
4,5,4,2,3,1,3,4,Web Developer
4,4,2,2,2,2,4,3,Web Developer
4,3,3,2,2,1,2,4,Web Developer
4,4,3,3,3,2,2,5,Web Developer
4,4,3,3,3,2,3,4,Web Developer
5,4,3,2,2,2,3,5,Web Developer
3,4,2,2,3,2,3,4,Web Developer
4,3,3,1,2,2,3,4,Web Developer
4,5,3,3,4,2,4,5,Web Developer
4,4,4,2,4,1,3,4,Web Developer
4,3,3,3,3,2,4,4,Web Developer
4,4,2,2,3,2,3,4,Web Developer
4,4,3,2,4,4,3,4,Web Developer
4,4,3,2,2,1,3,4,Web Developer
4,4,3,1,5,2,3,4,Web Developer
3,4,3,1,2,2,4,4,Web Developer
5,4,4,3,1,3,4,5,Web Developer
5,4,3,2,2,3,3,4,Web Developer
5,4,4,2,2,2,3,4,Web Developer
5,4,3,2,3,2,3,3,Web Developer
4,4,2,3,3,2,2,3,Web Developer
3,3,2,2,3,2,2,5,Web Developer
4,5,2,2,4,3,2,4,Web Developer
4,4,3,2,2,2,3,4,Web Developer
5,4,4,2,3,2,3,4,Web Developer
4,5,3,2,3,1,4,4,Web Developer
4,5,3,2,3,1,4,3,Web Developer
5,3,3,2,3,1,4,4,Web Developer
5,4,3,2,4,3,2,5,Web Developer
4,4,3,2,2,1,3,3,Web Developer
3,5,3,3,3,2,4,4,Web Developer
5,4,4,2,3,2,3,4,Web Developer
3,4,2,1,3,2,3,5,Web Developer
4,4,4,3,3,1,3,5,Web Developer
4,4,2,1,4,2,2,5,Web Developer
4,5,2,2,3,2,2,4,Web Developer
3,4,3,2,3,2,3,2,Web Developer
4,4,3,2,4,1,4,3,Web Developer
4,2,3,1,2,2,3,5,Web Developer
4,4,4,3,3,2,4,4,Web Developer
4,5,3,3,3,2,3,4,Web Developer
5,5,3,2,2,2,3,4,Web Developer
4,4,4,2,3,3,2,4,Web Developer
4,3,2,2,3,2,4,4,Web Developer
3,4,4,3,3,2,3,4,Web Developer
2,5,3,2,3,3,2,4,Web Developer
4,4,2,2,3,2,3,4,Web Developer
4,4,4,2,2,2,2,5,Web Developer
4,4,3,2,4,2,3,2,Web Developer
5,4,4,3,3,2,2,3,Web Developer
4,4,3,2,2,2,2,3,Web Developer
4,4,3,2,3,2,3,4,Web Developer
4,4,4,2,2,3,2,4,Web Developer
4,4,3,2,3,2,3,4,Web Developer
5,4,3,2,3,2,3,4,Web Developer
4,4,3,2,2,1,3,5,Web Developer
3,4,3,2,4,2,4,3,Web Developer
4,4,3,2,3,1,3,5,Web Developer
3,4,2,1,3,2,3,4,Web Developer
4,5,4,2,2,1,2,3,Web Developer
3,4,3,2,3,3,2,5,Web Developer
5,5,3,2,3,2,2,5,Web Developer
3,4,4,2,3,2,2,4,Web Developer
4,4,3,2,2,2,2,4,Web Developer
5,5,3,3,3,2,2,4,Web Developer
4,4,2,1,3,1,3,3,Web Developer
4,4,3,2,3,2,3,4,Web Developer
4,4,3,2,3,3,3,4,Web Developer
4,4,3,3,3,3,3,4,Web Developer
5,4,4,2,3,2,4,4,Web Developer
4,5,3,2,2,2,4,4,Web Developer
3,4,3,1,4,2,3,4,Web Developer
4,5,3,2,4,1,3,4,Web Developer
3,3,3,2,3,1,2,3,Web Developer
5,4,3,2,3,2,3,4,Web Developer
4,3,2,2,3,2,3,5,Web Developer
4,3,4,2,3,1,3,3,Web Developer
4,5,4,3,3,3,4,4,Web Developer
4,4,2,2,2,2,2,4,Web Developer
4,5,3,2,2,2,4,4,Web Developer
4,4,2,1,2,2,3,5,Web Developer
3,3,3,2,2,1,3,4,Web Developer
5,5,4,2,3,2,3,5,Web Developer
4,4,4,2,2,1,3,4,Web Developer
4,4,4,2,3,2,3,5,Web Developer
3,4,3,2,3,1,3,5,Web Developer
4,4,3,1,3,2,2,3,Web Developer
5,4,1,2,2,2,3,3,Web Developer
4,4,3,3,3,2,3,4,Web Developer
4,5,3,3,3,3,1,4,Web Developer
4,3,3,2,3,3,3,4,Web Developer
4,4,3,3,3,1,4,4,Web Developer
4,4,2,2,4,3,2,4,Web Developer
4,3,2,1,3,2,2,4,Web Developer
5,4,3,3,3,1,3,4,Web Developer
4,4,3,1,3,1,3,4,Web Developer
4,4,3,2,3,3,4,4,Web Developer
4,4,2,1,2,2,2,4,Web Developer
3,3,3,1,4,3,4,5,Web Developer
4,3,2,2,4,2,4,3,Web Developer
4,5,3,3,3,2,4,3,Web Developer
3,4,3,2,2,2,2,5,Web Developer
4,3,3,2,2,2,3,5,Web Developer
3,5,3,2,2,2,4,4,Web Developer
5,4,3,2,3,3,3,5,Web Developer
4,4,3,1,3,2,3,4,Web Developer
5,4,3,2,3,1,3,3,Web Developer
4,5,3,3,2,1,3,4,Web Developer
4,4,3,1,3,2,3,4,Web Developer
3,4,2,2,3,2,3,3,Web Developer
4,4,3,2,4,1,3,4,Web Developer
4,4,4,2,3,2,4,3,Web Developer
4,2,3,2,3,3,2,4,Web Developer
4,4,3,2,2,1,2,4,Web Developer
4,3,3,1,3,2,2,5,Web Developer
3,3,3,3,3,1,3,4,Web Developer
4,3,2,2,3,2,3,5,Web Developer
4,3,3,2,3,3,2,4,Web Developer
3,4,3,2,4,2,3,5,Web Developer
5,5,4,2,3,2,3,3,Web Developer
3,4,3,2,4,1,3,3,Web Developer
4,3,2,1,3,2,4,3,Web Developer
3,3,4,2,3,3,3,5,Web Developer
4,4,3,2,3,2,4,5,Web Developer
3,3,4,1,3,1,2,3,Web Developer
3,4,4,2,3,2,3,4,Web Developer
4,4,3,1,4,2,3,3,Web Developer
4,3,3,2,3,1,2,4,Web Developer
5,4,3,2,3,2,3,5,Web Developer
4,4,3,2,4,2,3,3,Web Developer
5,3,3,3,3,2,3,4,Web Developer
5,5,4,2,3,2,3,4,Web Developer
5,5,3,3,3,2,2,3,Web Developer
4,5,3,2,2,3,3,4,Web Developer
3,4,2,2,3,2,3,5,Web Developer
4,4,3,3,3,2,2,4,Web Developer
4,5,3,2,3,2,4,3,Web Developer
4,3,3,2,2,3,4,4,Web Developer
4,3,3,1,2,3,3,4,Web Developer
4,4,3,2,3,2,3,3,Web Developer
4,3,3,1,3,3,3,5,Web Developer
4,3,2,2,3,2,3,5,Web Developer
4,4,2,1,4,2,3,5,Web Developer
3,4,2,2,3,2,3,5,Web Developer
3,3,4,2,3,2,3,3,Web Developer
4,4,3,2,3,2,3,4,Web Developer
4,4,3,3,4,2,3,5,Web Developer
4,3,3,3,2,3,3,2,Web Developer
4,4,4,1,3,3,3,4,Web Developer
5,4,3,2,3,3,3,4,Web Developer
5,3,4,2,3,1,3,4,Web Developer
4,5,4,2,3,2,4,4,Web Developer
4,4,3,3,2,2,4,4,Web Developer
5,4,2,2,3,2,3,4,Web Developer
4,5,3,2,4,4,3,4,Web Developer
4,4,3,3,3,3,3,5,Web Developer
4,4,3,3,4,1,3,3,Web Developer
5,5,3,3,2,2,3,4,Web Developer
4,4,3,2,4,2,2,3,Web Developer
4,4,4,1,3,3,3,5,Web Developer
4,5,3,1,3,2,2,4,Web Developer
4,4,4,2,3,1,3,4,Web Developer
4,4,3,2,4,2,3,4,Web Developer
3,3,3,2,3,2,3,4,Web Developer
4,4,3,2,3,1,3,4,Web Developer
3,5,4,1,4,2,2,4,Web Developer
5,3,3,2,3,2,2,5,Web Developer
3,3,1,2,3,2,3,3,Web Developer
5,5,3,2,4,2,4,5,Web Developer
3,4,3,2,4,2,2,4,Web Developer
4,4,3,2,2,3,3,4,Web Developer
4,5,3,2,4,2,4,4,Web Developer
5,3,2,2,4,4,1,4,Backend Developer
5,2,2,2,4,3,1,5,Backend Developer
5,2,3,3,5,3,2,5,Backend Developer
4,1,3,3,5,3,2,4,Backend Developer
5,1,2,3,3,5,2,5,Backend Developer
5,2,3,3,5,2,2,5,Backend Developer
5,1,3,2,4,4,2,5,Backend Developer
5,1,4,3,4,4,3,5,Backend Developer
5,3,2,3,4,3,2,5,Backend Developer
4,2,3,3,4,3,1,5,Backend Developer
5,1,3,3,4,3,2,4,Backend Developer
5,2,3,3,4,3,2,4,Backend Developer
5,3,4,2,5,4,2,5,Backend Developer
5,3,2,3,4,4,3,5,Backend Developer
5,3,3,3,4,3,2,4,Backend Developer
5,2,3,3,3,3,1,5,Backend Developer
5,1,3,4,3,3,2,5,Backend Developer
5,2,3,2,4,4,2,4,Backend Developer
4,1,2,3,5,3,2,5,Backend Developer
5,2,4,3,5,3,3,5,Backend Developer
5,2,4,3,4,4,2,4,Backend Developer
5,3,3,3,4,3,2,5,Backend Developer
5,1,2,3,3,4,2,5,Backend Developer
5,2,3,3,5,3,1,4,Backend Developer
5,3,2,4,3,3,1,5,Backend Developer
5,3,4,3,4,3,2,5,Backend Developer
5,1,3,2,2,2,2,5,Backend Developer
5,2,3,2,5,3,2,4,Backend Developer
5,2,3,2,4,3,1,5,Backend Developer
5,2,2,3,4,3,2,3,Backend Developer
5,2,3,2,5,2,2,5,Backend Developer
4,3,3,3,3,3,2,5,Backend Developer
5,2,4,3,4,3,2,5,Backend Developer
4,2,2,3,4,3,1,5,Backend Developer
5,2,3,2,4,3,1,5,Backend Developer
5,2,2,3,4,4,2,5,Backend Developer
5,2,3,3,3,3,2,5,Backend Developer
5,1,2,3,4,2,3,5,Backend Developer
5,2,4,2,4,3,3,5,Backend Developer
5,2,3,3,5,3,3,5,Backend Developer
5,1,2,3,4,4,2,4,Backend Developer
5,2,2,3,3,3,1,5,Backend Developer
5,3,3,3,4,2,2,5,Backend Developer
5,2,3,3,5,3,2,5,Backend Developer
5,2,3,5,4,3,2,4,Backend Developer
5,2,3,3,4,4,2,5,Backend Developer
5,2,3,3,5,3,2,5,Backend Developer
5,2,3,4,4,3,2,5,Backend Developer
5,2,3,3,5,2,2,5,Backend Developer
4,2,3,2,4,4,1,4,Backend Developer
5,2,3,3,4,2,2,5,Backend Developer
5,2,3,4,4,3,2,5,Backend Developer
5,3,3,3,4,3,1,5,Backend Developer
5,2,3,4,4,4,3,5,Backend Developer
5,2,2,4,5,3,1,5,Backend Developer
5,2,1,2,4,3,1,5,Backend Developer
5,2,2,3,5,3,2,4,Backend Developer
5,2,2,3,4,3,1,5,Backend Developer
5,2,2,2,4,3,2,5,Backend Developer
5,2,4,3,5,4,3,5,Backend Developer
5,1,3,3,4,5,2,4,Backend Developer
4,3,4,3,5,3,3,4,Backend Developer
4,3,4,4,4,3,2,4,Backend Developer
5,3,3,4,4,4,3,5,Backend Developer
5,2,3,3,5,3,2,5,Backend Developer
5,2,3,3,3,3,1,5,Backend Developer
5,2,2,3,4,4,2,5,Backend Developer
4,1,3,3,4,2,1,5,Backend Developer
5,2,3,3,5,3,2,5,Backend Developer
5,3,3,2,4,3,1,5,Backend Developer
5,2,2,3,4,3,2,5,Backend Developer
5,2,2,3,3,1,2,5,Backend Developer
5,3,3,3,4,4,3,5,Backend Developer
5,1,4,3,4,3,2,4,Backend Developer
5,1,3,3,3,3,1,5,Backend Developer
4,2,3,3,4,3,3,5,Backend Developer
5,2,2,3,3,3,2,4,Backend Developer
5,3,3,1,4,2,2,5,Backend Developer
5,1,3,3,5,3,3,5,Backend Developer
5,2,3,3,4,3,2,5,Backend Developer
5,2,3,3,4,3,2,5,Backend Developer
3,3,3,3,4,3,2,5,Backend Developer
4,2,4,4,4,3,2,5,Backend Developer
5,3,3,2,4,3,2,5,Backend Developer
5,2,3,3,4,3,3,5,Backend Developer
5,3,2,3,5,3,2,5,Backend Developer
5,2,4,3,5,3,3,4,Backend Developer
5,1,4,3,4,3,2,5,Backend Developer
5,2,2,2,4,3,2,5,Backend Developer
5,3,2,3,4,3,2,4,Backend Developer
5,2,3,3,4,3,2,5,Backend Developer
5,1,4,3,5,3,2,5,Backend Developer
5,2,3,3,4,3,2,5,Backend Developer
5,1,2,3,3,2,2,5,Backend Developer
4,3,3,3,4,3,1,5,Backend Developer
5,2,2,3,4,3,2,5,Backend Developer
5,2,2,4,3,3,1,5,Backend Developer
5,1,3,3,4,4,3,5,Backend Developer
4,2,3,3,5,3,2,4,Backend Developer
5,3,3,3,4,3,2,4,Backend Developer
5,2,3,2,4,4,2,4,Backend Developer
5,1,3,3,4,4,3,5,Backend Developer
5,2,3,4,4,3,2,4,Backend Developer
5,2,3,2,3,3,1,5,Backend Developer
5,2,3,2,5,3,3,5,Backend Developer
5,2,2,4,4,3,3,5,Backend Developer
4,2,4,3,4,4,2,4,Backend Developer
4,2,3,3,3,3,3,5,Backend Developer
5,3,3,2,3,2,2,5,Backend Developer
5,3,3,4,5,2,2,5,Backend Developer
5,2,4,2,4,3,2,4,Backend Developer
4,1,3,3,3,2,3,4,Backend Developer
5,3,3,4,4,3,2,5,Backend Developer
5,2,3,3,4,3,2,5,Backend Developer
4,2,3,3,4,3,2,4,Backend Developer
5,2,3,3,4,3,3,5,Backend Developer
5,2,3,2,5,3,2,5,Backend Developer
5,1,4,4,3,2,2,5,Backend Developer
4,1,4,3,3,2,3,4,Backend Developer
5,3,3,4,4,2,2,5,Backend Developer
5,1,2,3,4,3,3,4,Backend Developer
5,2,4,3,4,3,3,5,Backend Developer
5,2,4,3,4,2,2,5,Backend Developer
5,3,3,2,3,4,1,5,Backend Developer
5,3,3,3,5,5,2,5,Backend Developer
5,1,2,3,5,3,2,5,Backend Developer
5,1,2,3,4,3,2,4,Backend Developer
5,2,3,3,4,3,2,5,Backend Developer
5,2,3,3,4,4,2,5,Backend Developer
5,1,3,3,5,4,1,5,Backend Developer
5,2,4,3,5,4,2,5,Backend Developer
4,2,4,3,4,3,3,5,Backend Developer
5,2,4,3,4,3,2,5,Backend Developer
5,2,3,3,4,3,1,5,Backend Developer
5,2,3,3,4,3,2,4,Backend Developer
5,3,3,4,4,3,2,5,Backend Developer
4,2,3,3,4,2,3,5,Backend Developer
5,1,3,4,5,4,2,5,Backend Developer
5,1,2,2,4,3,2,5,Backend Developer
5,2,3,3,4,3,2,5,Backend Developer
5,2,3,3,4,3,2,5,Backend Developer
5,2,3,4,5,3,2,5,Backend Developer
5,1,3,3,4,3,2,5,Backend Developer
5,2,3,3,4,2,1,5,Backend Developer
5,1,3,2,5,3,1,5,Backend Developer
5,2,3,2,5,4,2,5,Backend Developer
5,2,3,3,4,3,3,5,Backend Developer
5,2,4,3,5,4,2,5,Backend Developer
5,2,2,4,5,3,2,4,Backend Developer
5,2,2,3,5,4,2,5,Backend Developer
5,1,3,3,5,3,2,5,Backend Developer
5,2,2,3,4,4,2,5,Backend Developer
5,2,4,4,4,2,2,5,Backend Developer
5,2,3,3,4,4,2,4,Backend Developer
4,2,3,3,4,3,2,5,Backend Developer
5,2,4,3,5,3,3,5,Backend Developer
5,3,4,3,3,3,2,5,Backend Developer
5,2,3,3,5,3,3,5,Backend Developer
5,3,3,3,5,3,2,4,Backend Developer
5,2,3,4,4,3,1,5,Backend Developer
5,2,2,3,4,3,1,5,Backend Developer
5,2,2,2,4,3,2,5,Backend Developer
4,3,3,3,4,3,2,5,Backend Developer
5,1,3,2,4,3,2,5,Backend Developer
5,3,2,3,3,3,2,5,Backend Developer
4,1,4,4,4,2,1,5,Backend Developer
5,2,3,3,4,3,2,4,Backend Developer
5,1,3,2,4,2,3,5,Backend Developer
5,2,3,2,4,3,2,5,Backend Developer
5,2,3,3,4,3,2,4,Backend Developer
5,3,3,4,4,3,2,4,Backend Developer
4,3,3,3,4,4,2,3,Backend Developer
5,3,3,3,4,3,3,5,Backend Developer
5,2,3,2,4,3,2,5,Backend Developer
5,2,3,4,4,3,2,5,Backend Developer
5,1,2,3,5,3,2,5,Backend Developer
5,2,3,4,5,4,1,5,Backend Developer
5,3,3,3,4,3,2,4,Backend Developer
5,2,4,3,4,2,1,5,Backend Developer
5,2,2,2,4,3,1,5,Backend Developer
5,1,4,3,3,4,1,5,Backend Developer
4,3,2,3,4,3,2,4,Backend Developer
5,2,3,4,4,4,2,5,Backend Developer
5,2,2,3,4,3,3,5,Backend Developer
5,2,3,3,5,2,2,5,Backend Developer
5,2,3,3,4,3,2,4,Backend Developer
5,2,3,3,4,4,2,4,Backend Developer
5,2,3,3,4,4,2,4,Backend Developer
5,2,3,3,4,2,3,5,Backend Developer
5,1,2,3,5,3,3,4,Backend Developer
5,2,4,4,4,4,2,5,Backend Developer
5,2,3,3,3,3,2,4,Backend Developer
5,2,2,3,5,3,2,5,Backend Developer
5,2,3,2,4,3,2,5,Backend Developer
4,2,2,3,3,3,3,5,Backend Developer
5,3,4,3,4,3,2,5,Backend Developer
5,1,4,3,4,2,1,5,Backend Developer
5,1,2,3,5,4,2,5,Backend Developer
5,2,2,3,4,3,1,5,Backend Developer
5,2,3,3,4,2,1,5,Backend Developer
5,2,2,3,4,3,3,5,Backend Developer
5,2,3,2,3,3,2,5,Backend Developer
5,1,2,3,4,4,3,5,Backend Developer
5,2,3,4,4,3,2,5,Backend Developer
5,2,3,1,4,4,3,5,Backend Developer
5,2,2,3,4,3,3,5,Backend Developer
5,1,3,3,4,2,3,5,Backend Developer
5,2,3,2,4,3,2,5,Backend Developer
5,2,3,3,5,3,2,5,Backend Developer
5,3,3,3,4,2,3,5,Backend Developer
5,2,3,3,3,4,3,5,Backend Developer
5,3,3,4,4,2,3,5,Backend Developer
4,3,4,2,4,4,2,5,Backend Developer
4,3,3,4,3,3,2,5,Backend Developer
5,2,3,3,3,3,1,5,Backend Developer
4,3,3,2,4,3,3,5,Backend Developer
5,2,3,4,4,4,1,5,Backend Developer
5,2,3,3,5,3,2,4,Backend Developer
5,3,4,2,4,2,3,5,Backend Developer
5,2,3,2,3,3,2,5,Backend Developer
5,3,3,4,5,4,1,5,Backend Developer
5,2,4,2,4,3,1,5,Backend Developer
5,2,5,3,5,3,2,5,Backend Developer
4,2,4,4,4,3,3,5,Backend Developer
5,2,4,3,3,3,2,5,Backend Developer
5,2,3,3,4,3,1,5,Backend Developer
5,3,2,3,4,3,2,5,Backend Developer
5,2,2,3,3,2,2,5,Backend Developer
5,2,3,3,4,2,3,4,Backend Developer
5,3,4,3,4,3,2,5,Backend Developer
4,2,4,4,4,4,2,4,Backend Developer
5,1,3,4,5,3,1,5,Backend Developer
5,2,3,4,4,2,2,5,Backend Developer
4,2,3,3,5,4,2,5,Backend Developer
5,3,3,3,4,3,2,4,Backend Developer
5,1,4,3,5,4,2,5,Backend Developer
5,3,2,4,4,3,2,5,Backend Developer
5,2,3,2,4,4,2,5,Backend Developer
5,2,4,3,3,3,2,5,Backend Developer
5,2,4,4,4,4,2,5,Backend Developer
5,3,2,2,4,3,3,5,Backend Developer
5,2,2,4,4,3,2,5,Backend Developer
5,2,3,2,4,3,2,5,Backend Developer
5,1,3,2,4,4,2,5,Backend Developer
4,2,3,3,5,2,1,5,Backend Developer
5,1,4,3,4,3,2,5,Backend Developer
5,3,3,3,3,3,2,4,Backend Developer
5,1,4,4,4,4,2,5,Backend Developer
5,2,3,3,4,3,1,4,Backend Developer
5,2,2,2,4,5,2,5,Backend Developer
5,1,3,3,4,4,2,5,Backend Developer
5,1,3,3,4,2,2,5,Backend Developer
5,2,4,3,4,3,1,4,Backend Developer
5,3,2,2,5,3,2,5,Backend Developer
5,2,2,3,4,3,2,4,Backend Developer
5,2,4,3,3,3,2,5,Backend Developer
5,3,2,3,3,3,2,5,Backend Developer
5,2,2,2,4,3,1,5,Backend Developer
5,2,3,3,5,4,4,4,Backend Developer
5,2,4,3,4,3,2,3,Backend Developer
5,3,3,2,4,3,2,5,Backend Developer
5,2,3,3,4,4,1,5,Backend Developer
5,2,3,2,4,4,1,5,Backend Developer
5,2,2,4,4,3,1,4,Backend Developer
5,2,2,3,4,4,2,5,Backend Developer
4,2,3,3,4,3,2,5,Backend Developer
5,2,3,3,4,4,2,5,Backend Developer
5,1,3,3,5,2,2,5,Backend Developer
5,3,4,4,5,4,2,5,Backend Developer
5,3,3,3,4,4,2,4,Backend Developer
5,2,3,3,4,3,2,5,Backend Developer
4,1,2,4,4,2,3,5,Backend Developer
5,2,3,2,3,3,2,5,Backend Developer
5,1,3,3,4,3,2,5,Backend Developer
5,3,2,3,3,2,2,5,Backend Developer
5,2,3,4,4,3,2,5,Backend Developer
5,1,3,3,4,3,2,4,Backend Developer
5,2,3,3,4,3,1,5,Backend Developer
5,2,3,4,4,3,1,5,Backend Developer
4,2,4,4,4,3,2,5,Backend Developer
5,3,4,3,4,3,1,4,Backend Developer
5,1,2,3,3,3,2,5,Backend Developer
5,1,2,3,4,3,3,4,Backend Developer
4,3,3,2,4,3,1,5,Backend Developer
5,2,3,4,4,4,3,5,Backend Developer
5,1,4,3,4,4,3,5,Backend Developer
5,3,3,3,4,3,2,5,Backend Developer
5,2,4,4,4,3,3,5,Backend Developer
5,2,4,4,4,2,2,5,Backend Developer
5,4,2,3,3,4,1,5,Backend Developer
5,1,3,4,4,3,2,4,Backend Developer
5,3,2,3,5,2,2,5,Backend Developer
4,2,3,3,4,4,2,5,Backend Developer
5,2,2,4,3,3,2,5,Backend Developer
5,2,2,3,5,3,1,5,Backend Developer
4,2,3,2,4,4,3,5,Backend Developer
4,2,3,3,5,2,2,5,Backend Developer
5,2,3,3,3,3,2,5,Backend Developer
5,2,3,4,4,3,2,5,Backend Developer
5,3,3,2,3,4,2,5,Backend Developer
5,1,4,3,5,4,1,4,Backend Developer
5,3,4,3,3,3,2,4,Backend Developer
4,1,2,3,4,4,2,5,Backend Developer
5,3,3,3,4,4,2,5,Backend Developer
5,3,3,3,5,3,2,4,Backend Developer
4,2,2,3,3,3,2,5,Backend Developer
5,3,3,2,4,3,2,5,Backend Developer
5,2,2,3,4,3,3,5,Backend Developer
5,2,3,3,5,2,1,5,Backend Developer
5,2,3,2,4,2,2,5,Backend Developer
5,2,2,2,4,3,2,5,Backend Developer
5,2,4,4,5,4,1,5,Backend Developer
4,2,3,3,3,3,1,4,Backend Developer
5,2,3,3,5,3,3,5,Backend Developer
5,1,3,3,5,3,3,4,Backend Developer
5,2,3,3,4,3,2,5,Backend Developer
5,3,4,2,5,3,2,5,Backend Developer
5,1,3,4,4,3,3,4,Backend Developer
5,3,3,4,3,2,3,4,Backend Developer
5,2,4,4,5,3,2,5,Backend Developer
5,1,4,4,4,3,2,4,Backend Developer
5,2,2,3,3,3,2,5,Backend Developer
5,3,4,2,4,4,1,5,Backend Developer
5,2,2,3,5,3,3,4,Backend Developer
5,2,4,3,4,3,1,5,Backend Developer
4,2,2,2,5,5,2,5,Backend Developer
5,3,3,4,3,3,2,5,Backend Developer
5,1,3,4,3,4,2,5,Backend Developer
4,2,4,3,4,3,2,5,Backend Developer
4,2,3,3,3,2,2,5,Backend Developer
5,2,3,2,4,3,1,5,Backend Developer
4,2,3,3,3,2,3,5,Backend Developer
4,2,3,2,3,3,2,5,Backend Developer
4,2,3,4,5,3,2,5,Backend Developer
5,2,2,3,3,3,2,5,Backend Developer
5,1,2,3,4,3,3,5,Backend Developer
4,2,3,4,4,2,2,5,Backend Developer
4,2,3,3,5,3,1,5,Backend Developer
4,2,3,3,4,2,2,5,Backend Developer
4,2,3,3,4,3,2,5,Backend Developer
5,1,2,4,5,3,2,5,Backend Developer
5,3,3,3,4,3,2,5,Backend Developer
5,1,3,4,3,2,3,5,Backend Developer
4,2,4,3,4,3,2,4,Backend Developer
5,2,3,3,4,2,2,5,Backend Developer
5,2,3,2,3,3,2,4,Backend Developer
5,2,4,3,5,3,3,5,Backend Developer
5,1,3,4,4,3,2,5,Backend Developer
5,2,4,2,5,4,2,5,Backend Developer
4,2,3,4,4,2,2,4,Backend Developer
5,1,3,3,4,3,3,5,Backend Developer
4,1,4,3,4,3,2,5,Backend Developer
5,2,3,3,4,3,3,5,Backend Developer
4,3,2,3,4,4,2,5,Backend Developer
5,2,3,1,4,2,2,5,Backend Developer
5,3,3,2,4,2,2,5,Backend Developer
5,3,3,3,4,3,2,5,Backend Developer
4,2,4,4,4,3,3,5,Backend Developer
5,3,3,3,5,4,1,5,Backend Developer
4,1,3,3,4,3,2,5,Backend Developer
5,2,3,3,5,3,1,5,Backend Developer
5,2,3,4,4,2,2,5,Backend Developer
4,2,4,4,4,3,2,5,Backend Developer
5,1,4,2,4,2,3,5,Backend Developer
5,1,3,4,3,3,2,4,Backend Developer
5,1,3,3,4,3,3,4,Backend Developer
4,2,3,3,4,4,2,5,Backend Developer
5,2,3,3,4,3,2,5,Backend Developer
5,1,2,3,4,4,2,5,Backend Developer
5,1,2,4,4,3,2,5,Backend Developer
4,1,3,3,4,2,2,5,Backend Developer
5,2,2,4,3,3,2,5,Backend Developer
5,2,3,3,5,3,3,5,Backend Developer
5,2,3,3,4,2,1,5,Backend Developer
5,2,1,3,4,3,3,4,Backend Developer
5,2,3,3,4,3,2,5,Backend Developer
5,2,3,3,5,2,2,4,Backend Developer
5,2,4,3,3,3,1,5,Backend Developer
5,3,4,4,3,3,3,5,Backend Developer
5,1,3,3,5,3,3,5,Backend Developer
5,3,3,3,4,2,2,4,Backend Developer
5,2,3,2,4,3,3,5,Backend Developer
5,1,3,2,4,3,2,5,Backend Developer
5,2,3,3,5,3,2,5,Backend Developer
4,5,1,2,2,3,3,2,Frontend Developer
4,4,1,1,2,2,4,2,Frontend Developer
4,4,1,1,3,2,3,3,Frontend Developer
4,5,2,2,3,2,5,4,Frontend Developer
4,5,3,3,2,3,3,1,Frontend Developer
4,4,2,1,4,3,3,3,Frontend Developer
5,5,1,3,2,1,3,3,Frontend Developer
4,5,1,2,3,2,3,3,Frontend Developer
4,4,2,2,3,2,3,3,Frontend Developer
4,5,2,3,3,2,2,3,Frontend Developer
4,5,2,2,3,1,4,4,Frontend Developer
4,5,1,3,4,2,3,1,Frontend Developer
3,4,2,1,4,3,3,3,Frontend Developer
5,5,3,2,3,2,2,2,Frontend Developer
4,5,2,1,3,1,4,3,Frontend Developer
4,5,3,1,3,3,3,4,Frontend Developer
5,5,2,2,3,2,3,3,Frontend Developer
3,5,2,2,4,1,3,3,Frontend Developer
4,5,3,1,3,2,2,3,Frontend Developer
3,5,1,2,3,3,4,3,Frontend Developer
4,5,3,3,4,1,2,3,Frontend Developer
3,5,2,1,2,2,3,3,Frontend Developer
4,5,2,2,2,2,3,2,Frontend Developer
3,4,2,2,4,1,3,3,Frontend Developer
4,5,2,2,4,2,4,3,Frontend Developer
4,5,1,3,3,3,2,4,Frontend Developer
4,4,2,2,2,1,3,3,Frontend Developer
5,4,3,1,4,2,2,4,Frontend Developer
4,5,2,1,2,1,3,3,Frontend Developer
4,5,2,2,2,1,2,3,Frontend Developer
4,5,3,2,2,2,3,4,Frontend Developer
4,4,2,2,3,3,3,3,Frontend Developer
4,5,3,2,3,2,3,3,Frontend Developer
4,4,2,2,4,3,3,4,Frontend Developer
4,5,3,2,5,2,3,3,Frontend Developer
4,4,2,2,3,1,3,3,Frontend Developer
5,5,2,2,2,1,3,3,Frontend Developer
4,4,3,2,4,3,3,3,Frontend Developer
4,5,1,3,3,1,2,2,Frontend Developer
4,5,2,2,4,2,3,2,Frontend Developer
4,4,2,1,3,2,3,3,Frontend Developer
3,4,1,2,4,2,3,3,Frontend Developer
3,4,3,2,3,3,3,3,Frontend Developer
4,5,1,2,3,1,3,3,Frontend Developer
5,4,2,2,3,2,3,3,Frontend Developer
4,5,2,2,3,3,3,3,Frontend Developer
5,4,1,3,4,2,3,4,Frontend Developer
4,5,1,3,3,2,3,3,Frontend Developer
5,5,2,1,3,2,3,3,Frontend Developer
3,5,1,1,4,3,3,3,Frontend Developer
4,5,2,2,3,1,3,3,Frontend Developer
4,5,2,1,2,3,2,2,Frontend Developer
4,4,3,1,3,2,2,3,Frontend Developer
5,5,2,2,3,2,2,3,Frontend Developer
3,5,2,2,4,2,3,3,Frontend Developer
5,5,2,2,3,2,4,2,Frontend Developer
4,4,2,1,2,2,3,2,Frontend Developer
3,5,2,2,3,3,3,2,Frontend Developer
4,5,2,2,4,3,3,4,Frontend Developer
4,5,1,2,2,2,3,3,Frontend Developer
4,5,2,2,2,2,4,2,Frontend Developer
4,4,2,2,3,2,2,4,Frontend Developer
4,4,3,2,2,3,3,2,Frontend Developer
4,5,3,2,4,1,4,3,Frontend Developer
3,5,2,3,3,2,3,3,Frontend Developer
4,5,2,1,2,2,2,3,Frontend Developer
3,5,2,2,3,1,2,3,Frontend Developer
5,5,2,2,2,1,4,3,Frontend Developer
4,5,1,1,3,2,4,4,Frontend Developer
5,5,1,2,4,3,3,2,Frontend Developer
4,5,3,3,3,3,3,2,Frontend Developer
4,4,3,3,3,2,4,1,Frontend Developer
4,5,2,2,2,1,4,3,Frontend Developer
4,5,2,3,3,2,2,3,Frontend Developer
3,5,1,2,3,2,2,3,Frontend Developer
4,5,2,2,3,3,3,4,Frontend Developer
3,5,1,2,3,2,4,2,Frontend Developer
4,5,2,2,3,2,4,3,Frontend Developer
4,5,1,1,4,2,3,4,Frontend Developer
3,5,1,1,3,2,3,2,Frontend Developer
4,3,2,3,2,2,3,3,Frontend Developer
4,5,2,2,2,3,3,4,Frontend Developer
3,5,2,3,4,2,4,3,Frontend Developer
4,5,2,3,3,3,4,3,Frontend Developer
4,5,2,2,3,2,3,4,Frontend Developer
5,5,2,1,3,2,4,3,Frontend Developer
4,5,2,3,4,2,3,2,Frontend Developer
5,5,2,2,3,2,2,3,Frontend Developer
5,5,2,2,3,1,4,3,Frontend Developer
4,4,1,2,3,2,3,3,Frontend Developer
4,5,3,3,3,2,3,1,Frontend Developer
4,4,3,2,3,2,4,3,Frontend Developer
5,5,3,1,3,2,3,2,Frontend Developer
4,5,1,2,3,1,3,4,Frontend Developer
4,5,1,2,2,2,3,2,Frontend Developer
3,4,2,1,4,2,3,3,Frontend Developer
5,5,2,2,3,3,3,3,Frontend Developer
5,5,1,2,2,2,2,4,Frontend Developer
3,4,3,2,2,2,4,3,Frontend Developer
4,5,2,2,3,1,3,3,Frontend Developer
5,5,1,3,3,1,4,4,Frontend Developer
4,5,3,2,3,1,4,3,Frontend Developer
4,5,2,2,3,2,2,2,Frontend Developer
5,5,2,1,3,1,3,3,Frontend Developer
4,4,2,2,5,2,4,2,Frontend Developer
4,5,2,1,1,2,2,4,Frontend Developer
3,5,2,3,3,3,2,3,Frontend Developer
4,5,1,2,2,2,4,3,Frontend Developer
5,5,1,3,4,2,3,3,Frontend Developer
4,5,2,1,3,2,3,2,Frontend Developer
4,5,2,2,2,2,2,2,Frontend Developer
4,4,2,2,3,2,4,2,Frontend Developer
4,5,2,2,3,2,2,3,Frontend Developer
5,5,2,2,3,3,3,3,Frontend Developer
3,5,2,2,4,2,3,4,Frontend Developer
4,5,2,2,3,3,3,2,Frontend Developer
4,5,3,2,2,3,3,3,Frontend Developer
4,5,2,2,2,1,4,3,Frontend Developer
4,5,2,3,4,1,4,3,Frontend Developer
3,5,2,1,3,1,2,3,Frontend Developer
4,5,2,2,4,3,2,4,Frontend Developer
4,4,2,2,3,2,3,4,Frontend Developer
5,5,3,1,3,2,3,3,Frontend Developer
3,5,3,2,3,3,3,3,Frontend Developer
4,5,2,1,3,2,2,2,Frontend Developer
4,5,2,2,3,2,4,3,Frontend Developer
3,5,2,3,3,3,3,4,Frontend Developer
4,5,3,1,2,2,3,3,Frontend Developer
3,4,1,3,3,2,3,3,Frontend Developer
4,4,3,3,2,3,3,4,Frontend Developer
4,5,2,2,2,1,2,3,Frontend Developer
4,4,2,1,4,2,3,3,Frontend Developer
3,5,3,3,4,3,3,3,Frontend Developer
4,5,1,2,3,2,3,3,Frontend Developer
4,5,1,1,3,1,3,3,Frontend Developer
5,5,2,1,2,3,2,3,Frontend Developer
4,5,1,1,4,1,4,2,Frontend Developer
4,5,3,2,3,1,2,3,Frontend Developer
4,5,3,2,3,2,2,4,Frontend Developer
3,5,2,3,2,2,3,3,Frontend Developer
3,4,2,1,3,1,3,3,Frontend Developer
3,5,2,1,3,3,3,3,Frontend Developer
4,5,2,4,3,3,3,3,Frontend Developer
4,5,3,2,3,1,2,5,Frontend Developer
3,5,2,2,3,1,3,3,Frontend Developer
4,5,3,3,3,2,2,3,Frontend Developer
4,5,2,2,3,3,3,3,Frontend Developer
5,4,1,2,3,2,3,4,Frontend Developer
4,5,2,1,3,2,2,2,Frontend Developer
4,5,2,2,2,1,4,3,Frontend Developer
4,5,3,1,3,1,3,3,Frontend Developer
4,5,2,3,4,2,3,3,Frontend Developer
5,4,1,2,2,2,3,2,Frontend Developer
4,5,1,2,3,4,4,3,Frontend Developer
4,5,1,2,4,1,3,3,Frontend Developer
4,5,2,2,3,2,4,3,Frontend Developer
3,4,2,1,3,2,3,4,Frontend Developer
3,5,2,2,4,3,3,3,Frontend Developer
4,4,2,2,3,2,3,3,Frontend Developer
5,5,2,2,3,2,3,3,Frontend Developer
4,5,2,2,3,2,2,3,Frontend Developer
4,5,1,2,3,2,3,3,Frontend Developer
4,5,2,3,3,2,2,3,Frontend Developer
3,5,2,3,4,2,4,3,Frontend Developer
4,5,2,3,2,3,4,3,Frontend Developer
3,5,2,2,2,3,4,3,Frontend Developer
3,5,2,2,3,1,3,3,Frontend Developer
5,4,2,1,2,2,3,3,Frontend Developer
5,4,2,3,3,3,3,3,Frontend Developer
5,5,2,1,2,1,4,3,Frontend Developer
4,5,2,1,4,2,2,2,Frontend Developer
4,5,3,3,3,1,3,3,Frontend Developer
4,5,2,1,3,2,2,4,Frontend Developer
3,5,2,1,3,2,2,3,Frontend Developer
5,5,2,3,3,1,3,3,Frontend Developer
4,5,3,2,4,2,3,3,Frontend Developer
3,5,3,2,3,1,4,3,Frontend Developer
3,5,2,3,3,2,3,4,Frontend Developer
5,5,3,3,4,2,3,3,Frontend Developer
3,5,2,2,3,2,4,3,Frontend Developer
3,5,3,2,3,2,3,2,Frontend Developer
4,5,2,3,3,2,3,3,Frontend Developer
4,5,2,3,2,2,2,3,Frontend Developer
3,5,2,1,3,3,3,3,Frontend Developer
3,5,1,3,4,2,4,2,Frontend Developer
4,5,2,2,1,2,3,3,Frontend Developer
4,5,2,2,3,1,3,3,Frontend Developer
3,5,2,1,4,2,4,3,Frontend Developer
4,5,2,2,2,2,3,3,Frontend Developer
4,5,2,2,4,1,3,3,Frontend Developer
3,4,3,2,3,2,3,3,Frontend Developer
5,5,1,3,3,2,4,3,Frontend Developer
3,5,1,2,5,3,3,4,Frontend Developer
4,5,2,2,3,3,3,3,Frontend Developer
4,5,2,2,3,2,4,3,Frontend Developer
5,5,1,1,3,1,3,3,Frontend Developer
5,5,2,2,3,1,3,3,Frontend Developer
3,5,3,2,2,1,2,3,Frontend Developer
4,5,2,1,3,1,3,4,Frontend Developer
3,4,2,2,3,3,3,4,Frontend Developer
3,5,2,1,3,2,3,2,Frontend Developer
4,5,2,2,3,3,3,3,Frontend Developer
3,5,2,2,4,2,3,3,Frontend Developer
4,5,2,2,4,3,4,3,Frontend Developer
4,5,3,2,2,3,4,3,Frontend Developer
4,5,2,2,3,2,3,3,Frontend Developer
3,4,3,1,3,1,3,3,Frontend Developer
5,5,2,2,3,2,4,4,Frontend Developer
4,5,3,1,2,2,4,3,Frontend Developer
3,5,1,2,3,3,3,3,Frontend Developer
4,5,2,3,3,2,4,3,Frontend Developer
4,5,3,2,3,2,3,2,Frontend Developer
5,5,2,1,3,2,4,4,Frontend Developer
4,5,2,2,3,1,2,3,Frontend Developer
4,5,3,3,3,2,2,3,Frontend Developer
4,5,3,1,3,3,2,3,Frontend Developer
4,5,2,2,4,3,3,2,Frontend Developer
3,4,2,1,3,2,3,3,Frontend Developer
4,5,3,3,3,2,4,3,Frontend Developer
3,5,1,2,2,2,4,3,Frontend Developer
4,5,2,3,3,1,2,3,Frontend Developer
3,5,2,2,3,2,2,3,Frontend Developer
4,5,2,1,2,3,3,4,Frontend Developer
3,5,1,2,4,3,4,2,Frontend Developer
4,5,2,3,4,1,4,3,Frontend Developer
4,5,1,2,2,2,4,3,Frontend Developer
5,5,2,2,3,3,3,2,Frontend Developer
4,4,3,2,3,1,3,4,Frontend Developer
4,4,1,2,3,2,3,4,Frontend Developer
5,5,2,3,3,2,3,3,Frontend Developer
4,4,2,2,3,1,2,3,Frontend Developer
5,5,2,2,4,2,2,3,Frontend Developer
4,5,2,1,2,2,3,2,Frontend Developer
5,5,3,1,2,1,4,4,Frontend Developer
5,4,2,2,2,1,3,3,Frontend Developer
4,5,2,2,3,2,2,4,Frontend Developer
4,5,2,3,4,3,2,3,Frontend Developer
4,5,2,1,4,3,2,2,Frontend Developer
3,5,2,3,4,2,2,3,Frontend Developer
3,4,2,3,3,3,3,4,Frontend Developer
3,4,2,3,4,2,4,2,Frontend Developer
3,5,2,3,3,2,3,3,Frontend Developer
4,5,1,2,3,3,3,2,Frontend Developer
4,5,1,2,3,2,2,2,Frontend Developer
5,5,2,1,2,1,4,3,Frontend Developer
4,5,3,2,3,2,3,2,Frontend Developer
5,4,1,2,4,3,3,3,Frontend Developer
4,5,2,1,3,3,4,2,Frontend Developer
4,4,1,3,3,4,2,3,Frontend Developer
5,5,2,3,4,2,3,2,Frontend Developer
3,5,4,3,3,1,3,3,Frontend Developer
4,5,2,1,2,3,3,3,Frontend Developer
3,5,2,2,2,2,3,3,Frontend Developer
3,5,1,3,3,1,4,3,Frontend Developer
4,5,1,2,3,1,3,3,Frontend Developer
4,5,1,1,3,1,3,2,Frontend Developer
5,4,3,1,4,2,3,3,Frontend Developer
4,4,2,3,3,2,3,3,Frontend Developer
2,5,3,2,3,2,4,2,Frontend Developer
4,5,2,2,3,2,3,2,Frontend Developer
4,4,2,2,2,2,3,3,Frontend Developer
3,4,2,2,2,2,3,3,Frontend Developer
5,5,1,1,3,2,3,3,Frontend Developer
3,4,3,1,3,2,3,4,Frontend Developer
4,4,2,2,3,2,3,4,Frontend Developer
3,4,3,2,4,3,4,3,Frontend Developer
3,5,2,2,3,1,3,3,Frontend Developer
4,5,1,2,2,1,3,3,Frontend Developer
5,4,3,2,4,3,2,3,Frontend Developer
4,5,1,3,4,2,3,3,Frontend Developer
3,5,3,3,3,4,3,3,Frontend Developer
4,5,2,2,2,2,3,4,Frontend Developer
3,4,2,2,4,2,3,4,Frontend Developer
4,4,2,1,2,2,3,2,Frontend Developer
5,5,2,2,4,1,4,3,Frontend Developer
4,5,2,2,3,2,3,3,Frontend Developer
4,5,2,2,3,2,3,3,Frontend Developer
4,4,1,1,3,3,2,4,Frontend Developer
5,5,2,2,3,2,3,3,Frontend Developer
4,4,2,2,3,2,3,2,Frontend Developer
4,5,3,1,3,2,3,3,Frontend Developer
4,3,2,2,4,2,2,2,Frontend Developer
4,5,2,2,2,3,3,3,Frontend Developer
4,5,3,2,3,2,3,3,Frontend Developer
5,5,2,2,3,2,2,2,Frontend Developer
4,5,2,1,4,3,3,3,Frontend Developer
4,5,2,2,3,2,3,4,Frontend Developer
5,4,1,1,4,2,3,3,Frontend Developer
4,5,2,1,3,2,2,4,Frontend Developer
3,5,3,2,1,2,3,3,Frontend Developer
5,5,3,2,3,2,3,3,Frontend Developer
4,5,2,2,3,3,3,2,Frontend Developer
4,5,1,2,2,2,3,3,Frontend Developer
4,4,2,1,4,2,3,4,Frontend Developer
4,5,1,3,3,2,3,3,Frontend Developer
3,4,3,1,4,1,3,2,Frontend Developer
4,5,2,3,3,1,2,3,Frontend Developer
5,5,1,2,2,2,3,4,Frontend Developer
3,5,1,1,3,2,3,3,Frontend Developer
4,4,3,1,3,3,3,2,Frontend Developer
4,5,2,2,4,3,3,3,Frontend Developer
5,5,2,2,3,2,4,3,Frontend Developer
5,4,3,2,3,1,4,3,Frontend Developer
4,5,3,3,3,2,3,3,Frontend Developer
4,5,2,1,2,3,2,3,Frontend Developer
3,5,3,2,4,3,3,4,Frontend Developer
4,5,3,2,3,2,4,4,Frontend Developer
4,4,3,1,3,2,3,3,Frontend Developer
5,5,2,2,3,1,2,3,Frontend Developer
4,5,2,2,2,2,3,4,Frontend Developer
4,5,2,2,2,3,2,3,Frontend Developer
5,5,3,2,2,2,3,3,Frontend Developer
4,5,2,2,3,2,2,4,Frontend Developer
4,5,2,3,3,2,3,3,Frontend Developer
4,5,1,1,3,2,3,4,Frontend Developer
5,5,1,3,3,2,3,3,Frontend Developer
4,5,2,2,3,2,2,2,Frontend Developer
4,4,2,3,4,2,3,3,Frontend Developer
4,5,2,2,3,1,4,3,Frontend Developer
4,4,1,2,4,2,3,2,Frontend Developer
4,5,2,2,3,2,3,3,Frontend Developer
4,4,1,2,4,3,3,2,Frontend Developer
4,5,3,1,3,2,3,2,Frontend Developer
2,5,2,2,3,2,3,3,Frontend Developer
4,4,2,4,3,2,4,3,Frontend Developer
5,5,3,1,3,3,3,4,Frontend Developer
4,4,2,1,3,2,3,3,Frontend Developer
4,5,2,2,3,2,4,5,Frontend Developer
3,4,2,2,4,3,3,3,Frontend Developer
4,5,3,2,3,2,2,3,Frontend Developer
4,5,1,2,3,3,3,3,Frontend Developer
3,5,2,2,4,2,3,2,Frontend Developer
5,5,2,1,3,1,2,2,Frontend Developer
3,5,2,2,3,3,2,4,Frontend Developer
4,5,2,3,3,2,2,3,Frontend Developer
5,5,2,3,3,1,2,3,Frontend Developer
4,5,1,2,3,3,3,4,Frontend Developer
3,4,2,3,4,1,2,5,Frontend Developer
4,5,3,2,3,1,4,4,Frontend Developer
4,5,2,1,4,2,3,3,Frontend Developer
3,4,1,3,3,2,3,3,Frontend Developer
4,5,2,2,2,1,3,3,Frontend Developer
4,4,4,2,4,2,4,4,Frontend Developer
4,5,1,3,2,2,3,3,Frontend Developer
3,5,2,1,3,2,3,5,Frontend Developer
4,5,2,2,3,2,3,3,Frontend Developer
4,5,2,2,4,2,4,3,Frontend Developer
3,5,2,1,3,3,3,2,Frontend Developer
4,4,1,1,3,2,3,2,Frontend Developer
4,5,2,3,2,2,3,3,Frontend Developer
4,5,1,2,4,2,4,2,Frontend Developer
4,5,2,2,3,2,4,4,Frontend Developer
2,4,2,2,3,2,3,3,Frontend Developer
4,5,1,2,4,1,4,3,Frontend Developer
4,4,2,2,4,2,3,3,Frontend Developer
4,4,1,2,3,3,2,3,Frontend Developer
4,5,2,1,2,2,2,2,Frontend Developer
4,4,2,2,4,2,3,2,Frontend Developer
4,5,1,1,3,3,3,3,Frontend Developer
5,5,2,2,3,1,3,3,Frontend Developer
3,5,1,3,4,2,2,4,Frontend Developer
3,5,3,1,3,3,3,4,Frontend Developer
3,5,3,2,3,3,2,3,Frontend Developer
4,4,2,2,1,3,2,3,Frontend Developer
5,5,2,2,4,2,3,3,Frontend Developer
5,5,2,3,3,2,4,3,Frontend Developer
4,4,2,1,3,2,2,3,Frontend Developer
5,5,1,2,3,2,2,3,Frontend Developer
5,4,2,3,3,2,2,2,Frontend Developer
5,5,3,3,4,2,2,3,Frontend Developer
4,5,2,1,3,2,3,3,Frontend Developer
5,5,2,2,3,2,2,4,Frontend Developer
4,5,1,1,3,2,3,3,Frontend Developer
4,4,2,1,3,2,4,3,Frontend Developer
4,5,2,3,3,2,3,2,Frontend Developer
4,4,3,1,3,2,2,3,Frontend Developer
3,5,2,1,3,1,3,3,Frontend Developer
4,5,2,1,4,3,2,3,Frontend Developer
4,4,2,2,4,1,2,4,Frontend Developer
4,5,2,1,2,2,3,3,Frontend Developer
4,5,1,2,4,2,3,3,Frontend Developer
4,5,3,2,5,1,4,3,Frontend Developer
4,5,2,2,3,2,2,4,Frontend Developer
4,5,2,2,3,1,3,2,Frontend Developer
